,CAN10_1,CAN11_1,CAN5_1,CAN6_1,CAN7_1,CAN8_1,CAN9_1,Year,State
1,14.342899181942142,140.8078506672755,138.3035672289785,9.944254338741302,47.8794033754617,71.33639871453245,23.937588181346655,2020,AL
2,14.282553466161088,141.52548463493585,138.74399198596365,10.168702149391175,48.19588478766382,70.77084974733492,23.625559849292042,2021,AL
3,14.215727283464119,142.17560120411216,139.1729203651504,10.387069439888,48.500011031702165,70.20189844829342,23.34451880678535,2022,AL
4,14.145401100410762,142.86966776456683,139.5969478017495,10.60489717721939,48.80445781871677,69.63361591709159,23.056646149605516,2023,AL
5,14.072078143417205,143.5609385959804,140.01810459828312,10.820990717411041,49.10551811419428,69.06363915863139,22.7553490318358,2024,AL
6,13.99679249251881,144.26455325782297,140.43625376732086,11.036361718177794,49.40594659708441,68.49363171992205,22.44673786684871,2025,AL
8,15.75717556942254,135.4848979121074,137.09617511412748,9.876815408468246,50.23026359006762,86.9178701164822,26.208742224052553,2020,AR
9,15.77189064342528,136.67060350999236,138.0142133932871,10.014255172014236,50.925145455449815,87.00489822849636,26.698508390970535,2021,AR
10,15.79471307191997,137.8561781118624,138.93219362003725,10.151683992147445,51.63513153865933,87.10435372764871,27.18824948444963,2022,AR
11,15.821611370953411,139.04176009288057,139.85018053672582,10.289114278554916,52.35549410954117,87.2002624052267,27.6779947930947,2023,AR
12,15.852239081077267,140.22727596275507,140.768137067339,10.426551610231398,53.081744859367596,87.30324263001489,28.16772699393333,2024,AR
13,15.884481873052803,141.41279163900762,141.68609566120423,10.56399335861206,53.812218715995535,87.40380758394807,28.657460744865247,2025,AR
15,10.175703425146635,92.86735429819673,129.9042517468954,6.8016959726810455,35.65170713961125,50.190578867401946,31.1323239158839,2020,AZ
16,10.151169197571768,94.64725906755775,130.75643558536342,6.9524731695652005,35.81489971727133,49.900847394578186,31.623489409126346,2021,AZ
17,10.126611205997559,96.42718010116369,131.60926050124687,7.103249633312225,35.9780908536166,49.611120521867065,32.11465502474458,2022,AZ
18,10.102024105501663,98.20666509810836,132.46143189767992,7.254025018215179,36.141279760003094,49.321359307101666,32.605820436403164,2023,AZ
19,10.077407873483985,99.98579641226681,133.31317137105694,7.404799598455429,36.30446700751782,49.03156345194832,33.096985644102105,2024,AZ
20,10.05276325009762,101.76454994846138,134.16440651998846,7.555573403835297,36.46765263695271,48.74173028583955,33.58815066143871,2025,AZ
22,10.577872335103647,93.72485193237662,130.53970082392917,7.575311678647996,35.818145376443866,41.01018503103407,22.697697348520162,2020,CA
23,10.568179996373747,95.76280736289918,131.65063069111977,7.722410494089127,36.005190273001794,40.807386809214975,23.16270814482123,2021,CA
24,10.55852116228391,97.80109840482473,132.76180333429946,7.867586147785187,36.19185897279531,40.60431844145063,23.627337264642126,2022,CA
25,10.548912884605418,99.83963156025857,133.8731509162423,8.012106794118882,36.37808843869716,40.400934850486664,24.09152100458742,2023,CA
26,10.539346377551544,101.87837072946131,134.98464695854727,8.156395626068116,36.56415896564722,40.197436131599105,24.555542066320786,2024,CA
27,10.529816222749638,103.91728953681886,136.09627229797957,8.300499308109284,36.750051136687404,39.993809340956375,25.019382188655445,2025,CA
29,11.525796599686142,100.25835584234447,139.75243694625482,6.5562824487686155,33.975637357309466,40.959220970173696,23.405669563077392,2020,CO
30,11.50241939524809,101.4093587908894,140.28543052164213,6.673215451836586,34.16640289928765,40.69091713959354,23.586451214738194,2021,CO
31,11.47904025850196,102.56034700265157,140.81841339000187,6.7901464134454725,34.35716379098595,40.42261001290757,23.76722820932046,2022,CO
32,11.455659613199524,103.7113237476908,141.3513879272,6.907075786590576,34.54792105220259,40.15430032151445,23.94800158021972,2023,CO
33,11.43227817689378,104.86229446893562,141.88435809561824,7.024004325270652,34.738676409795886,39.885989282808005,24.12877304749564,2024,CO
34,11.408896452436831,106.01326299579819,142.41732666189003,7.14093255996704,34.929431073926395,39.617677753294565,24.30954382130877,2025,CO
36,14.064340326314166,136.1401884010993,158.34685892166257,5.7534761995077135,38.35123662259431,65.66473104643326,22.00673793330789,2020,CT
37,14.07719607924421,137.27295631282033,158.77031341505545,5.805209237337112,38.22685493389146,65.27209656964989,22.022621367499237,2021,CT
38,14.091757224003466,138.40583988139406,159.19382930582697,5.856949494779109,38.10247324518861,64.87946209286652,22.03851984031499,2022,CT
39,14.108874507248391,139.53883523438125,159.61740046674382,5.908699786663055,37.978091556485765,64.48682761608315,22.054418313130743,2023,CT
40,14.127887927119918,140.67192412829027,160.04101848849092,5.960458636283874,37.85370986778292,64.09419313929978,22.070316785946495,2024,CT
41,14.148446210349585,141.80509346136824,160.4646770250052,6.012224893271922,37.72932817908007,63.70155866251641,22.08621525876225,2025,CT
43,16.575204754372432,121.24848495349288,144.7544445359769,9.930261111259458,44.09869020655751,69.20513570954402,30.51955350749195,2020,FL
44,16.541104426607482,121.69437621831894,144.8606177433394,10.151871263980864,44.66837941259145,68.67494832786421,30.553478939831262,2021,FL
45,16.49603825050095,122.140267483145,144.9668996778317,10.365202689170836,45.21221094131469,68.14483439400793,30.586547279357916,2022,FL
46,16.457863995805372,122.58615874797106,145.0701034278609,10.572856247425078,45.7434247650206,67.61488067495327,30.619513312727218,2023,FL
47,16.422322279214846,123.03205001279711,145.17137397325908,10.778192949295041,46.268311053514466,67.08504988861581,30.652557041123515,2024,FL
48,16.38820847049354,123.47794127762317,145.27114797318353,10.98243383169174,46.789575725793824,66.55529913268984,30.6857222750783,2025,FL
50,13.539787484953798,136.9980200447142,138.50745121709383,8.280469870567321,43.2190648894757,62.851006053512315,27.678062538243832,2020,GA
51,13.473429985841111,137.6026268471032,138.75580393476412,8.3597660779953,43.69970362894237,62.53795892422401,27.79012550842017,2021,GA
52,13.402487063159539,138.21972071714697,139.0019141163056,8.440346205234526,44.19482535235584,62.2234642799944,27.8959798110649,2022,GA
53,13.332633510231963,138.82927219420668,139.24621248121062,8.51979534626007,44.681900514289744,61.908675132319374,28.004129122011367,2023,GA
54,13.2622847440342,139.4414546065032,139.49028820246457,8.599540495872496,45.1733966510743,61.592902176454714,28.110754446499055,2024,GA
55,13.192402805387962,140.05268491506573,139.7343830556919,8.679250109195708,45.66456982456148,61.27662301572666,28.217616404965526,2025,GA
57,13.032464772462841,123.40777683965861,141.9841483938197,7.808708417415619,38.6043126642704,52.7730779518684,30.74255664609373,2020,ID
58,12.8865839254111,123.07383611313998,143.51631848576164,8.151890265941619,39.22603806704283,52.76320009107395,30.77592670992017,2021,ID
59,12.721838124096386,123.20725311115383,144.8688320949673,8.458832347393034,39.77657513618469,52.74639276688303,30.809350347146395,2022,ID
60,12.570057929183037,123.10023009702563,146.34323238047452,8.789642608165739,40.36766389682889,52.729176282882754,30.842850972339516,2023,ID
61,12.408056672041603,123.14613891728223,147.72808390147975,9.100650727748869,40.92447324171662,52.710360999902164,30.8763131171465,2024,ID
62,12.253648798043516,123.0819378528744,149.18175588175643,9.427775561809538,41.509035892039535,52.693622542669466,30.90984648466111,2025,ID
64,13.316654456158474,124.61911075748505,149.08726564086973,8.206399106979369,46.05373278111219,67.88098701486986,23.494095589220525,2020,IL
65,13.267792096982394,125.46015123240652,150.0247377221783,8.355676627159117,46.41684741750359,67.63233568829797,23.55208355486393,2021,IL
66,13.217998274912429,126.29705783538523,150.96635150058813,8.504302620887755,46.770689395815126,67.37938404555125,23.609849993139505,2022,IL
67,13.168019098167608,127.13841985184702,151.911304933764,8.65311493873596,47.12463944554328,67.12580191791061,23.667586544528604,2023,IL
68,13.117860578373064,127.98116376977417,152.8582369005928,8.801894438266752,47.47737106755375,66.8712998254846,23.725281868875026,2024,IL
69,13.067560762787846,128.82501141894613,153.80644714583948,8.950622236728666,47.82939176782965,66.61617704505727,23.782947523891927,2025,IL
71,14.245467551797624,112.54028269387783,139.54160026200114,8.902120971679688,45.71308495849371,77.42361257870995,23.920337757468225,2020,IN
72,14.336852926512552,114.33941976074131,140.37800475532808,9.164064061641692,46.00818095728755,77.27024122948453,24.00441944971681,2021,IN
73,14.42970439195632,116.14223564490678,141.22255421740311,9.427546906471251,46.30284358263016,77.11575807730362,24.08844531141222,2022,IN
74,14.518753075102955,117.94365400876852,142.06157116293903,9.688599789142607,46.589301156252624,76.95518599276748,24.17179386392236,2023,IN
75,14.60864528417586,119.74766019470992,142.90532646055019,9.95074586868286,46.87499042749405,76.79272162591425,24.25519380066544,2024,IN
76,14.696867549667742,121.5510236417875,143.74701337926084,10.211806476116179,47.15674322322011,76.62727881123631,24.338338937424126,2025,IN
78,12.973622445017096,123.57722618617117,145.38701937430693,8.631813406944275,43.049957137927414,59.9925185990908,29.53154068849981,2020,KS
79,12.970236662651097,124.15543121397495,145.94432659298957,8.921972370147705,43.2603005213663,59.663865535353175,29.699770894832913,2021,KS
80,12.967870359246923,124.73468309119343,146.5047700563601,9.215543961524963,43.48765205871314,59.335294503148205,29.869168430194264,2022,KS
81,12.96389862423141,125.31410569995641,147.0641891619889,9.5075208902359,43.70757272075862,59.0067171908993,30.038501976616686,2023,KS
82,12.96023628450929,125.89409101717175,147.62485876247132,9.800588417053222,43.933356053195894,58.67817234830004,30.208222148939974,2024,KS
83,12.955889930327722,126.47417400591077,148.1851640661092,10.093088555335997,44.15654820073396,58.3496267141542,30.37791088428349,2025,KS
85,15.3092913576945,117.36856285510585,145.55530550026643,10.530053186416627,52.82085118368268,98.61504516772307,30.13032012619079,2020,KY
86,15.210344026555923,118.67917559500785,146.62481198785824,10.852386569976806,53.11550211533904,98.22228505878401,30.28290770202876,2021,KY
87,15.113146161668306,119.98672237952707,147.73826302398612,11.228609466552733,53.43843403682113,97.82983905188742,30.435881128720947,2022,KY
88,15.014351300654614,121.29584049771076,148.80421899870652,11.552610301971434,53.72946378737688,97.43704906146355,30.58845463134349,2023,KY
89,14.916701986873512,122.60449471918402,149.91385039261846,11.923911666870115,54.049601189792156,97.04451429548988,30.741318015009174,2024,KY
90,14.818272913332706,123.91319298965392,150.9837589017425,12.253666925430295,54.341779151558875,96.65170248340199,30.893863779120156,2025,KY
92,12.253720163910957,146.3568711162079,148.4078368533713,7.237896364927291,40.07482200413942,59.2822738812926,26.449187646806244,2020,MD
93,12.155265528957045,147.84467062777838,149.0104703351467,7.379358303546905,40.47479851171374,59.019904325933524,26.29959032759071,2021,MD
94,12.057251735683526,149.3364321072586,149.6146317214821,7.525103038549422,40.91685929074883,58.760751914201954,26.178847423940905,2022,MD
95,11.958826417642793,150.82436932707205,150.21728156859749,7.666399294137953,41.31840514540672,58.49848441301538,26.049000414460906,2023,MD
96,11.860664288825735,152.31469802553767,150.82084109884448,7.810384148359297,41.747960750758644,58.23826389939839,25.921626157313593,2024,MD
97,11.76225225663898,153.8027398442384,151.42350028920913,7.95183714032173,42.153270177543156,57.97615513096879,25.78346352279187,2025,MD
99,17.107999256004884,123.87712295987878,155.48559193444476,5.9011660173535345,43.5302333721891,88.94864776084825,32.60857289824635,2020,ME
100,17.218712050716075,125.3032615618664,156.12844080620414,5.989259700477123,43.59537904094904,88.9774398711821,33.00037149656564,2021,ME
101,17.33164327070116,126.7296538140043,156.77144235812543,6.0773904651403425,43.660693785455074,89.01617257470893,33.392170462012295,2022,ME
102,17.44337704728046,128.1558918650728,157.4143501527287,6.1654987469315525,43.72590846735984,89.0504144904515,33.78397003253922,2023,ME
103,17.555325976759182,129.58220582401847,158.05730282208674,6.253618179261684,43.79117600880563,89.08706909790645,34.175769976992164,2024,ME
104,17.667032271623597,131.00846089499538,158.70021900988596,6.341729068756103,43.856407598964864,89.12226248631886,34.567570091411476,2025,ME
106,13.518574858301626,126.51045875027776,140.89203768141257,7.135755880177021,41.6029787405394,71.18893985285736,22.57513702400029,2020,MI
107,13.465360506282494,126.89802892841399,141.38528430073833,7.228578825294971,41.704373803269114,70.8958108552111,22.587779077142482,2021,MI
108,13.412147207992765,127.25151381008328,141.877685815158,7.321384041011332,41.80574568258598,70.60264991180354,22.595592970401054,2022,MI
109,13.358934565105777,127.59790378063919,142.36957903493507,7.414178511500357,41.90710348188877,70.30946958151961,22.60322585627437,2023,MI
110,13.305722362920632,127.93674533441664,142.86111648441292,7.506965284049509,42.008450988028194,70.01627540759127,22.60974039062858,2024,MI
111,13.252510454536713,128.2726119082421,143.35242197434417,7.599746967852114,42.1097916547209,69.72307208636782,22.615937590971594,2025,MI
113,13.480719557544214,127.3522437294014,149.54246073475417,5.772083657979964,40.73506818041206,61.575069650386794,37.69368361085654,2020,MN
114,13.3839354099861,128.503365454264,150.07619097708567,5.858125453442334,40.852602161839606,61.462604408214524,38.22802528031171,2021,MN
115,13.287154571046504,129.65448709307242,150.60992117252508,5.944167244434355,40.970136143267155,61.35013920453692,38.7623669769615,2022,MN
116,13.190412476967314,130.80560853825887,151.1436512741803,6.030209035426376,41.08767017908394,61.23767417408532,39.29670880958439,2023,MN
117,13.09368774664665,131.95672989739109,151.6773813367588,6.116250827163455,41.20520424209535,61.12520922062305,39.83105069659651,2024,MN
118,12.996978279688228,133.1078511704691,152.21111136026053,6.2022926196455925,41.32273833230138,61.012744324902776,40.36539263799788,2025,MN
120,14.300561366602773,151.10668528694663,135.8626830856471,9.792431116104126,52.955527792125935,81.37602443819247,20.090720426570627,2020,MS
121,14.27584184650331,152.9100270053372,136.73152433930272,9.926146572828292,53.19579108990728,81.25153609911605,20.44858086081222,2021,MS
122,14.251122360303988,154.7133689388633,137.60036571800396,10.059862053394317,53.43605449646711,81.12704785627629,20.80644132904709,2022,MS
123,14.22640294190495,156.51671121660624,138.46920723738145,10.193577581644057,53.6763181477785,81.00255982515719,21.164301736094064,2023,MS
124,14.201683568706102,158.32005370948468,139.33804881928174,10.327293133735655,53.91658193506299,80.87807194801677,21.522162095550456,2024,MS
125,14.176964235057419,160.12339637447153,140.2068904637048,10.46100870966911,54.15684585832058,80.75358418636034,21.88002241421492,2025,MS
127,13.817672196558362,158.14743612743916,159.19669519991922,7.727123856544494,42.665988286212084,59.01175396169226,32.07523054517806,2020,MT
128,13.739008364050333,159.7711572675966,160.8792908077438,7.99960012435913,42.761826862767336,58.458213347941644,32.174291931092746,2021,MT
129,13.660344476454574,161.39486511237922,162.46167507718,8.270581507682799,42.85765407877042,57.845179034769544,32.253417403995996,2022,MT
130,13.581680618521439,163.01857601208616,164.06044200540822,8.534147906303405,42.953639751020816,57.29095260004204,32.35937493741513,2023,MT
131,13.503016736575702,164.64228519070898,165.66069241184732,8.804768347740172,43.049518963135775,56.69372354249161,32.44389794394375,2024,MT
132,13.424352870167532,166.26599486414347,167.25324082349726,9.069526720046996,43.14549209186807,56.12836175560953,32.54451654814185,2025,MT
134,13.933725909454123,138.14850277495572,155.60979634309186,7.643304061889648,40.52877984307707,73.27302872923516,28.39036363139749,2020,NC
135,13.875421804282809,139.6336175351404,156.50889104565914,7.825282621383666,40.85788978375495,73.11844945587222,28.398441421240573,2021,NC
136,13.817148175338897,141.11905095404947,157.42613637954926,8.012172198295591,41.2124869838357,72.96022831760352,28.380290544778113,2022,NC
137,13.758830569436144,142.6039919385221,158.3173928970626,8.196144688129422,41.55121585167945,72.80741718125847,28.385443118214614,2023,NC
138,13.700516531523308,144.08896620445887,159.2206448492749,8.383009421825406,41.90008325427771,72.65212134892751,28.38071610406042,2024,NC
139,13.642175006245562,145.57363380547616,160.11395509972542,8.56841422319412,42.24254803732038,72.49951565861713,28.384794163703926,2025,NC
141,13.10237947789331,131.01694119684396,142.78733482947572,6.25422796010971,42.411918020620945,61.54806933148456,24.991012413473804,2020,ND
142,13.102854706967866,131.63454029113052,142.97514304186527,6.406432580947875,41.998988022282724,61.35965573887034,25.23659172444605,2021,ND
143,13.097624259690438,132.3400529645383,143.37093993875507,6.603344237804412,41.544435517117385,61.17124058722212,25.482168839452797,2022,ND
144,13.093065781022103,133.03546950034794,143.70200680478786,6.7959913253784165,41.100240626558666,60.98282446358358,25.727744567533964,2023,ND
145,13.088299935186892,133.73341551348565,144.0504754510708,6.990323281288145,40.6532504554838,60.794408099353376,25.973319969279704,2024,ND
146,13.083518060234674,134.43088581897317,144.39519416804734,7.1846892476081825,40.20705681480468,60.60599149453151,26.218895027693375,2025,ND
148,13.634368454307937,139.96557271284985,143.81873563548234,7.903673785924911,45.93023449908942,60.23260313142093,30.821207938529554,2020,NE
149,13.551601201745989,141.6112285752781,144.69087191826347,8.068061864376068,46.10796851553023,59.99898734036836,31.30692867469043,2021,NE
150,13.468828453123564,143.2568425723352,145.56297778370782,8.232444143295288,46.28568930178881,59.765362185488186,31.792636180669074,2022,NE
151,13.386055290636909,144.90245342841376,146.43508136707038,8.3968259871006,46.46340909544379,59.53173632808035,32.27834269404412,2023,NE
152,13.303281676148366,146.5480608423241,147.3071824495214,8.561207354068754,46.641127801314,59.298109700779186,32.764048119634396,2024,NE
153,13.220507700058311,148.1936654809863,148.17928151561247,8.725588339567182,46.8188456369564,59.06448245756336,33.24975267499686,2025,NE
155,14.245631171452498,138.9354148660321,168.46218652964257,5.760832613706588,41.891109177470206,73.95490946844224,37.7277320092544,2020,NH
156,14.230930239334697,140.4404964931775,169.46818840177727,5.9287314951419825,42.14912400767207,73.7948360630622,38.21655826214702,2021,NH
157,14.216225329600267,141.94554782924246,170.47416826589028,6.096626180410384,42.407129265367985,73.63475588262088,38.70537494253368,2022,NH
158,14.201515792496492,143.45056394762364,171.48012252692126,6.264515984058379,42.66512340046465,73.47466783002027,39.19418048672379,2023,NH
159,14.186805526539672,144.955574493995,172.48607275523239,6.432405018806456,42.92311576791107,73.314578526343,39.682984276860964,2024,NH
160,14.172094995031742,146.46058303960604,173.49202151425797,6.6002937734127025,43.18110750988125,73.15448877997707,40.171787427924585,2025,NH
162,12.580469981332616,146.90497014084832,155.14135557479844,8.259989047050475,43.953683155775074,59.971547390179104,23.41976174749434,2020,NJ
163,12.570726233037803,148.5576171545312,155.98715102227092,8.390005999803542,44.06807590033859,59.68235730634384,23.554693787917497,2021,NJ
164,12.560992530484986,150.21034064888954,156.833002036872,8.520033550262449,44.18249282091856,59.39318432857596,23.6896500043571,2022,NJ
165,12.551259822336327,151.86307169450447,157.67885853784776,8.650062149763105,44.29691213462502,59.104013039761575,23.824608613923196,2023,NJ
166,12.541530843203256,153.51583113800734,158.52473567134385,8.780094683170317,44.4113404225558,58.81484810256715,23.95957619771362,2024,NJ
167,12.5318039489289,155.16860648002475,159.37062435592517,8.91012941598892,44.52577372789383,58.52568672131753,24.09454879891128,2025,NJ
169,11.712370502855624,97.36743575576693,126.71558925009641,9.585296811163426,37.995434271031996,54.745842974105244,19.40624640267343,2020,NV
170,11.581106701958918,98.13904163055123,126.94866577476883,9.677998964488506,38.01827401858755,54.33135124016555,19.521992217749364,2021,NV
171,11.449854164384297,98.9107333013788,127.1818046346617,9.770712999999523,38.04114087237977,53.91687869100524,19.63776514586062,2022,NV
172,11.31860221158712,99.68242940399797,127.4149467144782,9.86342765390873,38.064009136892864,53.502407137894416,19.753539474494765,2023,NV
173,11.187348414057231,100.45411143675449,127.64807857181874,9.956140358746051,38.08687295508572,53.08793244265645,19.869309356808674,2024,NV
174,11.056095972533011,101.22580383904281,127.88121796315534,10.04885449707508,38.10974004343153,52.67346005709847,19.985082516074193,2025,NV
176,12.404643519253778,144.9445407486521,151.15897125762422,8.186170498281717,41.94358105291612,64.52842941108783,20.253735338803384,2020,NY
177,12.269559231710927,146.01752660991625,151.68897672044113,8.266854862496256,41.96559768393636,64.23030414497482,20.44332911446691,2021,NY
178,12.134474494991197,147.09050905052572,152.21897970579255,8.347538754716515,41.98761323736981,63.93217811618624,20.632921809144324,2022,NY
179,11.99938439074903,148.1634506153874,152.7489530006346,8.42821698449552,42.009615876758474,63.63404294732031,20.82250158637763,2023,NY
180,11.864291950222096,149.23637438854203,153.27891335325936,8.50889274738729,42.03161288686097,63.3359037942564,21.012075741123418,2024,NY
181,11.729197890963395,150.30928583443165,153.8088647494946,8.589566803351044,42.053606001334266,63.03776188401201,21.20164600024001,2025,NY
183,13.855006738381535,128.7708569552866,149.2155586366076,8.252618247270584,46.17636896055192,76.79090153295549,28.461777348630132,2020,OH
184,13.757547674137939,130.11907140046827,149.96104572595405,8.378966987133026,46.364643815346064,76.58641626313332,28.880256397463384,2021,OH
185,13.660089781214865,131.46729475763863,150.70653928640917,8.505316960811614,46.55292148478329,76.38193298541013,29.29873826093972,2022,OH
186,13.562631972865582,132.81551875752632,151.4520333157852,8.631667023897169,46.74119935818016,76.17744985204195,29.717220328375703,2023,OH
187,13.465174164516299,134.163742757414,152.19752734516123,8.758017086982724,46.92947723157703,75.97296671867376,30.135702395811684,2024,OH
188,13.367716356167016,135.5119667573017,152.94302137453727,8.884367150068279,47.1177551049739,75.76848358530557,30.554184463247665,2025,OH
190,13.800125860112406,110.0715801678598,137.729588962129,9.7698260307312,44.56383070517331,72.54506384204143,23.981203247886153,2020,OK
191,13.750214935652906,111.68032497186215,138.65357631590834,9.89929665327072,44.73449805025011,72.28777068420315,24.346804446913307,2021,OK
192,13.700138790377718,113.401846652478,139.57711341182386,10.028666931390761,44.868081874400374,72.03047770921454,24.71240593148396,2022,OK
193,13.649674104278276,115.08684813287111,140.50092757747814,10.15793038010597,45.02359537146985,71.7731845994946,25.078007205296316,2023,OK
194,13.599068678915488,116.78967720493677,141.42458868734533,10.287184876203535,45.16474242713302,71.51589155714032,25.443608581088494,2024,OK
195,13.548335014966613,118.4777666114271,142.3484079486069,10.416440933942791,45.31495387088507,71.25859847147954,25.809209895692778,2025,OK
197,14.2010096989572,128.6045818487415,153.66799489890693,7.7566088631749155,46.08204879581463,73.18576926109382,26.48737307712436,2020,PA
198,14.151514571035896,129.93187294790988,154.2394924694983,7.847413317859173,46.08557324896101,72.87865392893245,26.69355967007578,2021,PA
199,14.10201945441464,131.25916412775405,154.81099010261244,7.938217784464359,46.08909772760235,72.5715386160184,26.899746290221817,2022,PA
200,14.052524346268417,132.58645537751727,155.38248779043403,8.029022261500359,46.092622228339316,72.26442331994578,27.105932930763817,2023,PA
201,14.00302924659723,133.91374668644275,155.95398551733234,8.119826745986938,46.096146747772586,71.95730803590273,27.312119591701784,2024,PA
202,13.953534152576067,135.24103804377373,156.52548327549206,8.210631236433981,46.099671282502825,71.65019276148335,27.518306266237058,2025,PA
204,13.135020136740057,136.9893316019792,137.88290815496194,6.7116764962673185,44.3863373298198,63.21626402100472,29.228930120472796,2020,SD
205,13.01503020652259,138.34649741910397,138.1868622637043,6.780014746636152,44.25450600832701,62.87439603511596,29.51839518580819,2021,SD
206,12.895040281955147,139.70366327387745,138.49081640370807,6.848353002220391,44.12267470043153,62.53252805794864,29.80786026346614,2022,SD
207,12.775050360212717,141.06082915823208,138.79477054371182,6.91669126227498,43.99084339253605,62.190660087397596,30.097325350472243,2023,SD
208,12.65506044412031,142.41799506678944,139.09872471497698,6.9850295253098,43.859012098237876,61.848792122259866,30.38679044512683,2024,SD
209,12.535070528027902,143.77516099417116,139.40267888624214,7.053367790579794,43.7271808039397,61.50692416103175,30.676255545305327,2025,SD
211,14.595926896824187,133.19442808134482,139.6010625628405,8.68793873488903,44.52003710195422,82.8399278877924,22.922527152672412,2020,TN
212,14.531390309923633,134.7166418315843,140.21409363910786,8.78190806210041,44.66755555775017,82.65989176432294,23.196290640626106,2021,TN
213,14.466853742798163,136.2388557431754,140.82712482869778,8.87587741166353,44.81507406793535,82.47985567934813,23.47005417956971,2022,TN
214,14.402317164372645,137.7610695687123,141.4401559557649,8.969846749305724,44.96259255092591,82.29981957512601,23.743817689619032,2023,TN
215,14.337780600072186,139.28328349106016,142.05318715707784,9.063816100358961,45.11011106111109,82.1197834901512,24.017581231961966,2024,TN
216,14.273244030121703,140.80549737038092,142.66621832712937,9.157785445451735,45.25762955769896,81.93974739555274,24.291344760707588,2025,TN
218,11.355230674892661,102.80523924373556,120.36365945647314,9.474761104583738,37.9971682880423,47.97694629208808,14.200460378639404,2020,TX
219,11.253961203115367,104.0632866647793,120.90707484611774,9.54068162590265,37.96477021804312,47.5971343068872,14.418083247169857,2021,TX
220,11.15277639764826,105.32133270895575,121.45048922758237,9.606601954251525,37.932371707831045,47.21732200891715,14.635705673787749,2022,TX
221,11.05170671423741,106.5793772471836,121.99390252271354,9.672522073984144,37.899972721713134,46.83772300508189,14.853655496425935,2023,TX
222,10.95074176743315,107.83742061292288,122.53731496597172,9.73844202980399,37.86757336166921,46.458625658927545,15.072332788724461,2024,TX
223,10.84985792248043,109.09546303206591,123.08072672147921,9.804361853748558,37.83517370078481,46.080106300565795,15.29184005400167,2025,TX
225,9.184976102970538,108.64467195421459,110.88943650036428,5.303397347405553,27.172064747661356,23.701276412047463,38.73719903575257,2020,UT
226,9.11497054463252,109.82956070406364,111.32169760991817,5.380102773755788,27.233112323284153,23.426925358083125,39.11831371122972,2021,UT
227,9.044964972169442,111.01444923877717,111.75395843811953,5.45680818464607,27.294159864913677,23.152574284871456,39.499428359512244,2022,UT
228,8.974959388406317,112.19933749381454,112.18621885992275,5.533513581193983,27.355207386147235,22.878223197224287,39.88054298739881,2023,UT
229,8.904953796168158,113.38422564128415,112.61847914104969,5.61021897047758,27.416254893783485,22.60387209995345,40.261657601688064,2024,UT
230,8.834948198279974,114.56911370269955,113.05073929713106,5.686924353241919,27.477302387822427,22.329520993058946,40.64277220238001,2025,UT
232,12.370036215645566,112.55886007626542,140.01787011694782,6.408034330606461,37.65670938640833,58.93290438434732,22.303950441814965,2020,VA
233,12.330006182442101,114.07542319539935,140.2614659757974,6.512000715732575,37.784948230534795,58.61177458528742,22.468309820443398,2021,VA
234,12.289976177488755,115.5919847978279,140.51598034556952,6.615967154502869,37.91318716984242,58.29064485720207,22.63266937583686,2022,VA
235,12.249946138635268,117.108547142474,140.76062380500755,6.7199335396289825,38.04142601396889,57.96951505573626,22.79702875446529,2023,VA
236,12.209916111081828,118.62510879868643,141.01299373690657,6.823899951577187,38.16966489888728,57.64838528915624,22.961388228274892,2024,VA
237,12.169886060928292,120.14167082062924,141.25982361827042,6.927866327762604,38.29790372941643,57.32725547566084,23.125747593306016,2025,VA
239,14.541027877402177,120.39726996300742,156.64722499541628,4.67715316824615,40.48714838330634,71.47252077944579,44.23249087193982,2020,VT
240,14.436541807628231,121.55840489072725,157.2208374462323,4.753229743149132,40.50572255286388,71.10878115473318,44.62373628411443,2021,VT
241,14.332055706072902,122.71953958179802,157.7944497251107,4.829306285269558,40.52429664763622,70.74504147709041,45.01498162150384,2022,VT
242,14.227569588273754,123.88067414378747,158.3680619102049,4.905382810253649,40.54287070501596,70.38130177057664,45.40622692489998,2023,VT
243,14.123083444343248,125.04180851215497,158.94167395462281,4.981459307763725,40.561444701207805,70.01756202075637,45.797472160309574,2024,VT
244,14.018597282050164,126.20294272992761,159.5152858974412,5.0575357859022905,40.58001865320839,69.65382223965918,46.188717354927235,2025,VT
246,13.553238106487937,110.89263615375386,147.10049759736285,6.9170046031475065,37.28156493064016,55.992880097373096,27.951367335766555,2020,WA
247,13.514770971518006,112.23466576752254,147.53883038872542,6.98664408698678,37.3262693695724,55.61498416975764,28.030973718315366,2021,WA
248,13.47630381394798,113.57669504783118,147.97708604259725,7.0562835659831755,37.37097379490733,55.237088232518516,28.110580087266868,2022,WA
249,13.437836645077907,114.9187240699772,148.4152806429658,7.125923040881752,37.415678213443606,54.85919229046756,28.19018644262106,2023,WA
250,13.399369459257763,116.26075288774449,148.8534260535302,7.195562512055039,37.460382625181225,54.481296343604775,28.26979279797525,2024,WA
251,13.360902262137571,117.60278150113302,149.29153104311163,7.2652019754052155,37.50508701652288,54.10340038230649,28.34939912613482,2025,WA
253,13.91427175706873,135.81253956109288,151.93641033128367,6.869226610660553,40.758468293771145,66.91764290655655,27.286861435323956,2020,WI
254,13.771407567802813,137.00630882531408,152.5921151276503,6.991339844465255,40.875202277489,66.71396424435082,27.64279198981822,2021,WI
255,13.628543378536895,138.20007808953528,153.24781992597073,7.113453078269957,40.99193626120686,66.51028558214509,27.998722544312486,2022,WI
256,13.485679186445964,139.39384733224293,153.90352470817203,7.235566309094428,41.10867024492472,66.30660691993936,28.354653092008093,2023,WI
257,13.342814994355033,140.58761657495057,154.5592294859772,7.357679539918898,41.225404228642574,66.10292825773362,28.7105836397037,2024,WI
258,13.199950802264102,141.78138581765822,155.21493425596702,7.4797927707433685,41.342138198763124,65.89924958590423,29.066514187399306,2025,WI
260,16.62462534413983,122.01087773498148,144.666652246844,9.919830179214477,54.3480235742405,96.38740181966375,26.106055928394202,2020,WV
261,16.59943797948459,123.77881632279605,145.58747816706693,10.01724522858858,54.49703527297824,96.2061026669418,26.434083800809464,2021,WV
262,16.574250586579236,125.5467546954751,146.5083039309829,10.11466024816036,54.64604690372943,96.02480346610152,26.76211160523818,2022,WV
263,16.54906317672381,127.31469293907286,147.42912960111468,10.21207525283098,54.79505849368869,95.84350423639023,27.09013937567362,2023,WV
264,16.52387576121836,129.0826311396435,148.34995523998506,10.309490248560902,54.94407007005065,95.66220499705528,27.418167125713094,2024,WV
265,16.498688340062884,130.85056929718704,149.27078084759407,10.406905241310593,55.09308163281529,95.48090574809666,27.746194868953914,2025,WV
267,11.270893681980665,131.06773770262953,126.32160653846027,7.998873162269592,35.95925003346056,45.61704052848122,26.39599184319377,2020,WY
268,11.16884053073978,132.48910661310657,126.90740985067482,8.048309749364853,35.86387506378815,45.18806081196916,26.431487791985273,2021,WY
269,11.066787375967632,133.91047549938085,127.493213143351,8.097746333479881,35.768500087317086,44.75908108583344,26.466983740776776,2022,WY
270,10.964734219076723,135.33184436951998,128.07901642430414,8.14718291759491,35.67312511084602,44.330101359697714,26.502479662373663,2023,WY
271,10.862681060773308,136.75321322621315,128.66481969744194,8.196619498729705,35.5777501275763,43.90112163356199,26.53797558397055,2024,WY
272,10.760627901763641,138.17458207483872,129.25062296667207,8.2460560798645,35.48237514430658,43.4721418978026,26.573471505567436,2025,WY
