,State,StateDesc,Year,CAN10_1,CAN11_1,CAN5_1,CAN6_1,CAN7_1,CAN8_1,CAN9_1
0,AK,Alaska,2008,11.5,108.94999999999999,124.35,7.3,42.1,59.3,12.7
1,AK,Alaska,2009,11.625,104.125,123.925,7.125,42.05,58.275,13.05
2,AK,Alaska,2010,11.616666666666667,99.56666666666666,124.73333333333333,6.833333333333333,41.65,57.28333333333333,13.466666666666667
3,AK,Alaska,2011,11.6375,94.9375,125.225,6.875,41.35,56.5625,13.6375
4,AK,Alaska,2012,11.620000000000001,92.22,125.0,6.95,41.11,55.989999999999995,13.84
5,AK,Alaska,2013,11.540000000000001,86.91,124.47,6.970000000000001,40.95,54.77,14.11
6,AK,Alaska,2014,11.41,84.51,124.29,7.159999999999999,40.760000000000005,53.8,14.219999999999999
7,AK,Alaska,2015,11.459999999999999,84.89,123.80999999999999,7.45,40.7,53.17999999999999,14.12
8,AK,Alaska,2016,11.4,85.85,123.0875,7.5625,40.7625,52.875,14.1125
9,AK,Alaska,2017,11.35,87.35000000000001,122.75,7.666666666666667,40.96666666666667,52.6,13.933333333333332
10,AK,Alaska,2018,11.475,89.825,123.275,7.800000000000001,40.8,52.3,13.875
11,AK,Alaska,2019,11.85,92.35,123.95,7.7,40.55,52.2,13.8
12,AL,Alabama,2008,13.95,154.8,130.75,8.7,48.35,79.35,22.65
13,AL,Alabama,2009,14.0,151.72500000000002,131.025,8.75,47.875,78.525,22.5
14,AL,Alabama,2010,14.049999999999999,147.9,131.45000000000002,8.783333333333333,47.666666666666664,77.81666666666666,22.25
15,AL,Alabama,2011,14.1125,144.825,132.1875,8.875,47.6,77.1625,22.2125
16,AL,Alabama,2012,14.23,142.43,132.97,9.0,47.68,76.61,22.380000000000003
17,AL,Alabama,2013,14.39,138.57999999999998,134.05,9.16,47.61,75.42999999999999,22.53
18,AL,Alabama,2014,14.48,136.39000000000001,135.1,9.3,47.62,74.45,22.97
19,AL,Alabama,2015,14.540000000000001,136.54000000000002,136.3,9.440000000000001,47.6,73.58,23.57
20,AL,Alabama,2016,14.600000000000001,136.775,136.775,9.5125,47.65,73.175,23.9375
21,AL,Alabama,2017,14.566666666666668,138.08333333333334,137.0,9.516666666666667,47.53333333333333,72.76666666666667,24.233333333333334
22,AL,Alabama,2018,14.475000000000001,139.35,137.425,9.525,47.3,72.425,24.65
23,AL,Alabama,2019,14.450000000000001,141.0,138.3,9.55,47.15,72.05,24.75
24,AR,Arkansas,2008,13.649999999999999,147.8,119.65,10.05,47.2,84.55,17.75
25,AR,Arkansas,2009,13.75,143.45,121.625,10.025,46.925,84.75,18.425
26,AR,Arkansas,2010,13.9,139.61666666666665,122.8,9.950000000000001,46.96666666666667,85.18333333333334,19.033333333333335
27,AR,Arkansas,2011,14.0875,136.7375,123.975,9.9,47.15,85.6625,19.75
28,AR,Arkansas,2012,14.26,134.15,125.35999999999999,9.89,47.32,86.08,20.380000000000003
29,AR,Arkansas,2013,14.59,129.75,127.88,9.8,47.58,86.64,21.53
30,AR,Arkansas,2014,14.95,128.35999999999999,129.88,9.709999999999999,47.980000000000004,87.07000000000001,22.6
31,AR,Arkansas,2015,15.280000000000001,128.78,132.23,9.68,48.4,87.15,23.75
32,AR,Arkansas,2016,15.4375,128.95,133.4125,9.6625,48.575,87.1625,24.2125
33,AR,Arkansas,2017,15.6,130.66666666666666,134.25,9.6,48.76666666666667,86.96666666666665,24.650000000000002
34,AR,Arkansas,2018,15.75,133.1,135.25,9.6,48.9,86.775,25.225
35,AR,Arkansas,2019,15.85,134.05,136.9,9.65,49.15,86.45,26.0
36,AZ,Arizona,2008,9.6,100.69999999999999,122.6,7.05,38.45,56.35,18.549999999999997
37,AZ,Arizona,2009,9.675,97.75,122.85000000000001,7.0,38.075,56.275000000000006,19.1
38,AZ,Arizona,2010,9.783333333333333,95.64999999999999,123.36666666666667,6.866666666666667,37.81666666666667,55.900000000000006,19.633333333333333
39,AZ,Arizona,2011,9.9375,94.1375,123.875,6.825,37.5875,55.650000000000006,20.375
40,AZ,Arizona,2012,10.01,92.94,124.47,6.81,37.339999999999996,55.28000000000001,21.16
41,AZ,Arizona,2013,10.17,90.92,125.55,6.720000000000001,36.85,54.620000000000005,22.85
42,AZ,Arizona,2014,10.27,90.12,126.61000000000001,6.63,36.47,53.73,24.830000000000002
43,AZ,Arizona,2015,10.309999999999999,89.39,127.32000000000001,6.609999999999999,35.980000000000004,52.739999999999995,26.839999999999996
44,AZ,Arizona,2016,10.2875,89.3375,127.80000000000001,6.5875,35.75,52.2,27.900000000000002
45,AZ,Arizona,2017,10.283333333333333,89.73333333333333,128.11666666666667,6.533333333333334,35.550000000000004,51.666666666666664,29.100000000000005
46,AZ,Arizona,2018,10.225,89.3,128.175,6.5,35.325,50.975,30.15
47,AZ,Arizona,2019,10.2,87.8,127.95,6.5,34.85,50.2,30.75
48,CA,California,2008,10.45,119.55000000000001,125.95,7.75,39.599999999999994,47.349999999999994,19.799999999999997
49,CA,California,2009,10.45,116.17500000000001,126.0,7.65,38.925,46.8,19.9
50,CA,California,2010,10.483333333333334,112.41666666666667,126.01666666666667,7.566666666666666,38.43333333333333,46.18333333333334,20.133333333333333
51,CA,California,2011,10.525,108.8125,126.3875,7.5,38.0375,45.6625,20.3875
52,CA,California,2012,10.56,105.38,126.60999999999999,7.470000000000001,37.72,45.230000000000004,20.619999999999997
53,CA,California,2013,10.61,99.53,127.02000000000001,7.38,37.0,44.31,21.02
54,CA,California,2014,10.65,94.83,127.45,7.33,36.5,43.44,21.41
55,CA,California,2015,10.67,92.11,128.10999999999999,7.3100000000000005,36.08,42.67,21.669999999999998
56,CA,California,2016,10.675,90.6375,128.2625,7.3125,35.8875,42.3125,21.8
57,CA,California,2017,10.666666666666666,90.3,128.51666666666668,7.300000000000001,35.699999999999996,41.916666666666664,21.883333333333336
58,CA,California,2018,10.65,90.3,128.775,7.300000000000001,35.55,41.5,21.925
59,CA,California,2019,10.65,91.3,129.35,7.300000000000001,35.35,41.1,21.9
60,CO,Colorado,2008,10.3,133.2,129.7,5.95,35.0,46.2,22.35
61,CO,Colorado,2009,10.35,128.225,130.0,5.95,34.775,45.625,22.45
62,CO,Colorado,2010,10.5,123.3,130.0,5.966666666666666,34.63333333333333,45.18333333333334,22.483333333333334
63,CO,Colorado,2011,10.625,118.85,130.2375,6.0,34.5875,44.8125,22.55
64,CO,Colorado,2012,10.709999999999999,114.89000000000001,130.82999999999998,6.04,34.519999999999996,44.5,22.64
65,CO,Colorado,2013,10.91,107.74000000000001,132.07999999999998,6.12,34.36,43.760000000000005,22.79
66,CO,Colorado,2014,11.129999999999999,102.6,133.57999999999998,6.21,34.19,43.11,22.9
67,CO,Colorado,2015,11.3,99.59,135.5,6.26,34.019999999999996,42.489999999999995,22.990000000000002
68,CO,Colorado,2016,11.375,98.1125,136.6375,6.3,33.9125,42.1875,23.05
69,CO,Colorado,2017,11.483333333333334,97.8,137.78333333333333,6.333333333333333,33.800000000000004,41.833333333333336,23.066666666666666
70,CO,Colorado,2018,11.575,97.975,138.7,6.325,33.6,41.5,23.05
71,CO,Colorado,2019,11.65,98.4,139.60000000000002,6.25,33.5,41.2,23.0
72,CT,Connecticut,2008,12.2,149.64999999999998,152.5,6.3,45.400000000000006,69.3,23.299999999999997
73,CT,Connecticut,2009,12.275,145.1,153.1,6.55,44.625,69.125,23.1
74,CT,Connecticut,2010,12.4,140.1,153.83333333333334,6.633333333333333,43.9,68.85000000000001,22.983333333333334
75,CT,Connecticut,2011,12.5875,136.3875,154.45,6.65,43.25,68.5375,22.825
76,CT,Connecticut,2012,12.74,133.53,155.01,6.63,42.72,68.37,22.740000000000002
77,CT,Connecticut,2013,12.99,128.77,155.98,6.590000000000001,41.47,68.08,22.56
78,CT,Connecticut,2014,13.319999999999999,126.71,156.73,6.39,40.480000000000004,67.63,22.43
79,CT,Connecticut,2015,13.62,128.19,157.18,6.13,39.65,67.21000000000001,22.22
80,CT,Connecticut,2016,13.7375,128.92499999999998,157.4,5.9875,39.2375,67.1125,22.1875
81,CT,Connecticut,2017,13.866666666666667,131.2,157.45000000000002,5.8,38.78333333333333,66.91666666666667,22.116666666666664
82,CT,Connecticut,2018,14.075,133.875,157.5,5.65,38.6,66.45,21.975
83,CT,Connecticut,2019,14.15,137.5,157.55,5.5,38.3,66.2,21.7
84,DC,District of Columbia,2008,12.1,182.95,147.6,9.55,44.15,59.5,8.2
85,DC,District of Columbia,2009,11.7,175.0,147.15,9.425,43.925,59.0,8.4
86,DC,District of Columbia,2010,11.516666666666666,168.71666666666667,147.11666666666667,9.616666666666667,43.71666666666667,57.949999999999996,8.566666666666666
87,DC,District of Columbia,2011,11.424999999999999,162.025,146.25,9.6875,42.9375,56.725,8.8
88,DC,District of Columbia,2012,11.309999999999999,155.2,144.72,9.58,42.13,55.379999999999995,8.959999999999999
89,DC,District of Columbia,2013,11.07,143.53,143.27,9.45,40.89,52.75,9.379999999999999
90,DC,District of Columbia,2014,10.940000000000001,135.32999999999998,142.0,9.24,39.61,49.97,9.67
91,DC,District of Columbia,2015,10.86,129.51,139.75,8.809999999999999,37.910000000000004,47.480000000000004,9.870000000000001
92,DC,District of Columbia,2016,10.7875,126.4,138.775,8.5375,37.2375,46.0875,9.9625
93,DC,District of Columbia,2017,10.766666666666666,125.89999999999999,138.83333333333334,8.333333333333334,36.68333333333333,44.78333333333333,10.083333333333334
94,DC,District of Columbia,2018,10.7,126.55,138.07500000000002,8.05,36.05,44.0,9.975
95,DC,District of Columbia,2019,10.75,127.05000000000001,135.8,7.85,34.8,43.4,9.9
96,DE,Delaware,2008,13.399999999999999,178.1,140.45,9.100000000000001,44.0,79.5,31.299999999999997
97,DE,Delaware,2009,13.55,173.075,143.2,8.850000000000001,43.025,79.3,31.95
98,DE,Delaware,2010,13.683333333333332,168.28333333333333,145.45,8.766666666666667,42.5,79.18333333333332,32.28333333333333
99,DE,Delaware,2011,13.825,164.725,147.05,8.675,42.1875,79.4875,32.5
100,DE,Delaware,2012,13.940000000000001,161.43,148.60999999999999,8.61,42.14,79.53,32.660000000000004
101,DE,Delaware,2013,14.15,154.98,151.39000000000001,8.39,41.9,79.28999999999999,33.05
102,DE,Delaware,2014,14.3,150.62,152.95,8.36,42.089999999999996,78.78,33.2
103,DE,Delaware,2015,14.419999999999998,148.97,154.31,8.23,42.269999999999996,77.77,33.230000000000004
104,DE,Delaware,2016,14.4625,147.7,154.925,8.1875,42.525,77.1125,33.25
105,DE,Delaware,2017,14.483333333333334,147.51666666666668,154.95000000000002,8.133333333333333,42.71666666666667,76.25,33.23333333333333
106,DE,Delaware,2018,14.5,148.35,155.25,8.2,42.675,75.225,33.225
107,DE,Delaware,2019,14.55,150.45,156.75,7.949999999999999,42.35,73.9,33.099999999999994
108,FL,Florida,2008,15.6,150.6,135.7,9.55,46.95,77.65,24.25
109,FL,Florida,2009,15.649999999999999,146.525,136.2,9.5,46.275,77.0,24.775
110,FL,Florida,2010,15.783333333333333,142.70000000000002,136.78333333333333,9.433333333333334,45.85,76.38333333333334,25.383333333333336
111,FL,Florida,2011,15.924999999999999,139.4375,137.4875,9.425,45.6125,75.7625,26.1
112,FL,Florida,2012,16.06,136.62,138.3,9.440000000000001,45.4,75.26,26.689999999999998
113,FL,Florida,2013,16.3,131.17000000000002,139.62,9.45,44.87,74.17,27.889999999999997
114,FL,Florida,2014,16.52,127.14000000000001,140.99,9.48,44.5,73.17999999999999,28.95
115,FL,Florida,2015,16.64,124.05999999999999,142.34,9.540000000000001,44.11,72.2,29.76
116,FL,Florida,2016,16.7125,122.6625,143.025,9.575,43.9125,71.775,30.137500000000003
117,FL,Florida,2017,16.75,121.76666666666667,143.51666666666668,9.6,43.699999999999996,71.28333333333333,30.5
118,FL,Florida,2018,16.724999999999998,120.975,144.125,9.6,43.4,70.825,30.625
119,FL,Florida,2019,16.65,119.65,144.7,9.6,43.05,70.25,30.65
120,GA,Georgia,2008,12.0,146.5,127.15,8.149999999999999,41.7,67.25,23.200000000000003
121,GA,Georgia,2009,12.175,142.475,127.6,7.95,41.650000000000006,66.875,23.6
122,GA,Georgia,2010,12.299999999999999,138.29999999999998,128.1,7.8999999999999995,41.68333333333334,66.53333333333333,24.2
123,GA,Georgia,2011,12.4875,135.2125,128.9875,7.9,41.85,66.325,24.775
124,GA,Georgia,2012,12.629999999999999,133.25,129.81,7.9,42.03,66.17,25.25
125,GA,Georgia,2013,12.89,129.66,131.32,7.87,42.19,65.7,26.080000000000002
126,GA,Georgia,2014,13.14,128.44,133.12,7.94,42.36,65.21000000000001,26.810000000000002
127,GA,Georgia,2015,13.36,130.27,134.95999999999998,8.0,42.43,64.63,27.18
128,GA,Georgia,2016,13.4375,131.35,135.7875,8.025,42.45,64.3625,27.35
129,GA,Georgia,2017,13.516666666666666,133.33333333333334,136.68333333333334,8.066666666666666,42.35,63.96666666666666,27.416666666666668
130,GA,Georgia,2018,13.625,135.725,137.675,8.1,42.275,63.5,27.45
131,GA,Georgia,2019,13.65,139.1,138.3,8.1,42.099999999999994,62.949999999999996,27.25
132,HI,Hawaii,2008,12.7,109.85,142.35000000000002,7.699999999999999,49.349999999999994,52.05,20.8
133,HI,Hawaii,2009,12.775,105.9,144.85,7.5,48.8,52.075,20.75
134,HI,Hawaii,2010,12.966666666666667,102.63333333333333,146.26666666666668,7.3999999999999995,48.26666666666667,51.88333333333333,20.633333333333336
135,HI,Hawaii,2011,13.2,100.5375,147.3375,7.325,47.825,51.8875,20.7625
136,HI,Hawaii,2012,13.5,99.07000000000001,148.48,7.290000000000001,47.44,51.92,21.06
137,HI,Hawaii,2013,13.9,96.59,150.97,7.090000000000001,46.69,52.0,21.44
138,HI,Hawaii,2014,14.280000000000001,97.41,152.72,7.0,45.96,51.81,22.06
139,HI,Hawaii,2015,14.49,100.7,154.36,6.909999999999999,45.31,51.67,22.97
140,HI,Hawaii,2016,14.6375,102.3125,155.3125,6.8625,45.0125,51.6125,23.425
141,HI,Hawaii,2017,14.616666666666667,105.35000000000001,156.0666666666667,6.766666666666667,44.71666666666667,51.46666666666667,23.816666666666666
142,HI,Hawaii,2018,14.575,109.3,156.7,6.8,44.275,50.975,24.375
143,HI,Hawaii,2019,14.4,112.55,157.3,6.75,43.95,50.8,24.95
144,IA,Iowa,2008,13.0,133.85,135.5,6.95,51.85,72.65,24.55
145,IA,Iowa,2009,13.25,131.125,135.4,6.775,51.05,72.25,25.025
146,IA,Iowa,2010,13.416666666666666,128.18333333333334,135.51666666666668,6.8500000000000005,50.71666666666667,72.0,25.383333333333336
147,IA,Iowa,2011,13.575,126.1125,135.8125,6.925,50.475,71.9125,25.6625
148,IA,Iowa,2012,13.75,124.38,136.22,6.9799999999999995,50.230000000000004,71.8,26.060000000000002
149,IA,Iowa,2013,14.1,121.92999999999999,137.8,7.08,49.61,71.67,26.860000000000003
150,IA,Iowa,2014,14.430000000000001,121.74000000000001,140.25,7.340000000000001,49.2,71.69,27.630000000000003
151,IA,Iowa,2015,14.86,124.09,143.23,7.45,48.589999999999996,71.7,28.580000000000002
152,IA,Iowa,2016,15.0625,125.1375,144.8625,7.525,48.3,71.7125,29.1
153,IA,Iowa,2017,15.266666666666666,127.7,147.20000000000002,7.633333333333333,47.98333333333333,71.83333333333333,29.583333333333332
154,IA,Iowa,2018,15.524999999999999,130.75,149.1,7.725,47.6,71.75,30.1
155,IA,Iowa,2019,15.899999999999999,134.05,150.65,7.55,47.0,71.55,30.85
156,ID,Idaho,2008,13.100000000000001,146.85,124.3,6.300000000000001,38.849999999999994,53.8,25.85
157,ID,Idaho,2009,13.325,142.325,125.025,6.175000000000001,38.425,53.3,26.425
158,ID,Idaho,2010,13.166666666666666,137.4,126.0,6.216666666666668,38.11666666666667,53.28333333333333,26.766666666666666
159,ID,Idaho,2011,13.0625,133.05,127.0125,6.1875,38.075,53.3875,27.175
160,ID,Idaho,2012,13.09,129.27,128.16,6.2,37.94,53.42999999999999,27.580000000000002
161,ID,Idaho,2013,13.13,123.02000000000001,130.48,6.21,37.62,53.36,28.310000000000002
162,ID,Idaho,2014,13.040000000000001,119.44000000000001,133.04000000000002,6.4,37.55,53.48,28.97
163,ID,Idaho,2015,13.180000000000001,119.38,135.39000000000001,6.6,37.54,53.3,29.689999999999998
164,ID,Idaho,2016,13.2875,119.225,136.725,6.725,37.4375,53.2,30.0125
165,ID,Idaho,2017,13.316666666666668,120.91666666666667,138.04999999999998,6.883333333333333,37.45,53.06666666666666,30.28333333333333
166,ID,Idaho,2018,13.325,123.57499999999999,139.125,7.15,37.550000000000004,52.875,30.675
167,ID,Idaho,2019,13.55,127.25,139.7,7.300000000000001,37.45,52.35,31.05
168,IL,Illinois,2008,12.350000000000001,143.10000000000002,136.3,8.399999999999999,48.5,71.65,18.5
169,IL,Illinois,2009,12.425,138.525,137.075,8.15,47.9,71.125,18.575
170,IL,Illinois,2010,12.516666666666666,134.25,138.0,8.083333333333334,47.51666666666667,70.73333333333333,18.716666666666665
171,IL,Illinois,2011,12.6375,131.175,139.0,8.025,47.2125,70.475,18.9875
172,IL,Illinois,2012,12.73,128.54000000000002,139.92000000000002,8.0,46.980000000000004,70.24,19.330000000000002
173,IL,Illinois,2013,12.919999999999998,123.74000000000001,141.78,7.92,46.43,69.72999999999999,19.97
174,IL,Illinois,2014,13.09,121.22,143.55,7.94,46.06,69.41,20.79
175,IL,Illinois,2015,13.24,120.88,145.10999999999999,7.9,45.69,68.95,21.79
176,IL,Illinois,2016,13.3,120.6125,145.8875,7.9125,45.5375,68.7625,22.2875
177,IL,Illinois,2017,13.366666666666667,121.48333333333333,146.65,7.916666666666667,45.36666666666667,68.58333333333333,22.816666666666666
178,IL,Illinois,2018,13.399999999999999,122.675,147.175,7.875,45.175,68.325,23.375
179,IL,Illinois,2019,13.45,124.0,147.65,7.75,44.9,67.65,24.0
180,IN,Indiana,2008,12.45,116.0,128.85,7.699999999999999,47.75,79.85,19.15
181,IN,Indiana,2009,12.525,113.175,129.55,7.725,47.3,79.575,19.175
182,IN,Indiana,2010,12.700000000000001,110.78333333333335,130.1833333333333,7.733333333333333,47.01666666666667,79.33333333333333,19.400000000000002
183,IN,Indiana,2011,12.8875,108.975,130.9625,7.775,46.8375,79.375,19.7
184,IN,Indiana,2012,13.059999999999999,107.72999999999999,131.77,7.85,46.730000000000004,79.44,20.19
185,IN,Indiana,2013,13.39,105.79,133.32999999999998,7.970000000000001,46.44,79.47,21.009999999999998
186,IN,Indiana,2014,13.709999999999999,105.47,134.97,8.1,46.22,79.34,21.990000000000002
187,IN,Indiana,2015,13.89,106.15,136.17000000000002,8.23,45.83,78.92,22.7
188,IN,Indiana,2016,14.0,106.8,136.8875,8.3125,45.7125,78.775,23.225
189,IN,Indiana,2017,14.083333333333334,108.14999999999999,137.51666666666668,8.366666666666667,45.51666666666667,78.46666666666667,23.583333333333332
190,IN,Indiana,2018,14.075,109.075,137.95,8.4,45.125,77.7,23.75
191,IN,Indiana,2019,13.95,109.4,137.45,8.4,44.5,76.75,23.4
192,KS,Kansas,2008,11.75,149.35,132.25,7.1,45.75,64.15,25.0
193,KS,Kansas,2009,11.925,144.725,131.875,7.2,44.925,64.0,25.05
194,KS,Kansas,2010,12.066666666666668,140.08333333333334,132.15,7.283333333333334,44.416666666666664,63.73333333333333,25.183333333333334
195,KS,Kansas,2011,12.2625,136.5125,132.975,7.3375,43.9875,63.625,25.475
196,KS,Kansas,2012,12.44,132.55,133.75,7.38,43.7,63.370000000000005,25.8
197,KS,Kansas,2013,12.709999999999999,126.25,135.13,7.4799999999999995,43.010000000000005,62.94,26.46
198,KS,Kansas,2014,12.88,122.33,137.47,7.65,42.71,62.35,27.189999999999998
199,KS,Kansas,2015,13.01,121.04,140.0,7.75,42.56,61.79,28.03
200,KS,Kansas,2016,13.05,119.85,141.1375,7.8125,42.525,61.4125,28.45
201,KS,Kansas,2017,13.016666666666666,120.89999999999999,142.56666666666666,7.8999999999999995,42.516666666666666,61.1,28.900000000000002
202,KS,Kansas,2018,12.975,122.425,144.275,8.05,42.625,60.65,29.2
203,KS,Kansas,2019,13.0,124.35,145.35,7.949999999999999,42.650000000000006,60.400000000000006,29.65
204,KY,Kentucky,2008,14.6,127.69999999999999,132.55,8.85,54.599999999999994,104.45,24.8
205,KY,Kentucky,2009,14.725,125.39999999999999,133.175,8.775,54.25,104.125,25.025
206,KY,Kentucky,2010,14.933333333333332,123.2,134.1,8.75,53.96666666666667,103.91666666666667,25.383333333333336
207,KY,Kentucky,2011,15.087499999999999,121.175,135.1625,8.7625,53.7875,103.5625,25.7875
208,KY,Kentucky,2012,15.190000000000001,119.25,136.14000000000001,8.86,53.660000000000004,103.2,26.3
209,KY,Kentucky,2013,15.4,116.03,137.87,9.0,53.220000000000006,102.60999999999999,27.089999999999996
210,KY,Kentucky,2014,15.55,114.15,139.68,9.23,52.92,101.86,27.98
211,KY,Kentucky,2015,15.559999999999999,113.55,141.25,9.440000000000001,52.620000000000005,100.91,28.75
212,KY,Kentucky,2016,15.5625,113.1625,141.975,9.6,52.4625,100.5125,29.1875
213,KY,Kentucky,2017,15.549999999999999,113.7,142.61666666666667,9.716666666666667,52.23333333333333,100.10000000000001,29.46666666666667
214,KY,Kentucky,2018,15.5,114.75,143.325,9.8,52.15,99.4,29.825000000000003
215,KY,Kentucky,2019,15.4,115.8,143.8,9.75,51.900000000000006,98.75,29.950000000000003
216,LA,Louisiana,2008,13.350000000000001,163.95,129.25,9.350000000000001,51.55,75.35,15.65
217,LA,Louisiana,2009,13.475,161.125,130.225,9.05,50.9,74.775,16.025000000000002
218,LA,Louisiana,2010,13.6,157.28333333333333,130.63333333333333,9.0,50.5,74.39999999999999,16.25
219,LA,Louisiana,2011,13.6875,153.9625,131.2375,9.025,50.0375,73.9625,16.5625
220,LA,Louisiana,2012,13.75,151.03,131.77,9.0,49.72,73.58,16.84
221,LA,Louisiana,2013,13.930000000000001,146.17000000000002,133.09,8.95,48.980000000000004,72.76,17.380000000000003
222,LA,Louisiana,2014,14.059999999999999,143.51,134.49,9.059999999999999,48.53,71.97999999999999,17.880000000000003
223,LA,Louisiana,2015,14.12,143.65,136.18,9.11,48.28,71.17,18.35
224,LA,Louisiana,2016,14.1625,143.5625,136.9625,9.1125,48.1875,70.8,18.5625
225,LA,Louisiana,2017,14.216666666666667,144.98333333333332,137.98333333333332,9.183333333333334,48.1,70.38333333333334,18.76666666666667
226,LA,Louisiana,2018,14.2,147.65,139.05,9.225,48.225,69.95,18.975
227,LA,Louisiana,2019,14.15,150.3,139.9,9.149999999999999,48.45,69.6,19.05
228,MA,Massachusetts,2008,12.9,145.89999999999998,149.5,5.55,43.650000000000006,72.80000000000001,23.4
229,MA,Massachusetts,2009,12.925,140.2,149.325,5.475,42.875,72.075,23.1
230,MA,Massachusetts,2010,13.0,135.03333333333333,149.53333333333333,5.45,42.25,71.41666666666667,22.8
231,MA,Massachusetts,2011,13.0875,131.025,150.2125,5.425,41.7625,71.0375,22.7375
232,MA,Massachusetts,2012,13.2,127.77000000000001,150.95999999999998,5.45,41.36,70.77000000000001,22.83
233,MA,Massachusetts,2013,13.330000000000002,122.17999999999999,151.99,5.46,40.45,70.12,23.08
234,MA,Massachusetts,2014,13.45,119.69000000000001,152.95,5.5200000000000005,39.69,69.59,23.32
235,MA,Massachusetts,2015,13.48,120.04,153.8,5.55,38.92,69.22999999999999,23.53
236,MA,Massachusetts,2016,13.5125,120.30000000000001,154.1875,5.6,38.575,69.0625,23.775
237,MA,Massachusetts,2017,13.466666666666667,122.14999999999999,154.26666666666668,5.616666666666667,38.18333333333333,68.85000000000001,23.96666666666667
238,MA,Massachusetts,2018,13.425,124.25,154.075,5.625,37.725,68.5,23.625
239,MA,Massachusetts,2019,13.3,126.45,154.2,5.55,37.15,68.3,23.25
240,MD,Maryland,2008,11.149999999999999,150.3,141.2,6.9,40.65,63.199999999999996,21.6
241,MD,Maryland,2009,11.25,147.375,141.575,6.85,40.075,62.574999999999996,21.775
242,MD,Maryland,2010,11.299999999999999,144.56666666666666,142.03333333333333,6.816666666666666,39.833333333333336,62.166666666666664,21.983333333333334
243,MD,Maryland,2011,11.3875,142.1125,142.6,6.775,39.675,61.912499999999994,22.35
244,MD,Maryland,2012,11.48,140.32,143.07,6.779999999999999,39.510000000000005,61.71,22.75
245,MD,Maryland,2013,11.68,137.63,144.18,6.7700000000000005,39.17,61.279999999999994,23.5
246,MD,Maryland,2014,11.89,136.85999999999999,145.04000000000002,6.8,39.12,60.92,24.28
247,MD,Maryland,2015,12.11,138.3,146.07999999999998,6.840000000000001,39.06,60.54,25.220000000000002
248,MD,Maryland,2016,12.225,139.1875,146.525,6.8875,39.025,60.387499999999996,25.6625
249,MD,Maryland,2017,12.35,141.20000000000002,147.04999999999998,6.916666666666667,39.083333333333336,60.21666666666667,26.099999999999998
250,MD,Maryland,2018,12.45,143.375,147.2,6.95,39.15,59.8,26.475
251,MD,Maryland,2019,12.5,146.14999999999998,148.14999999999998,6.95,39.05,59.45,27.1
252,ME,Maine,2008,14.15,140.5,146.2,6.45,47.15,86.8,25.35
253,ME,Maine,2009,14.275,133.65,146.475,6.4,46.65,87.25,25.85
254,ME,Maine,2010,14.4,129.5666666666667,147.29999999999998,6.3999999999999995,45.96666666666667,87.25,26.25
255,ME,Maine,2011,14.6,126.1875,147.95,6.3375,45.5125,87.3,26.85
256,ME,Maine,2012,14.819999999999999,122.88,148.44,6.220000000000001,45.3,87.78,27.52
257,ME,Maine,2013,15.229999999999999,117.17,149.77,6.17,44.67,88.27000000000001,28.57
258,ME,Maine,2014,15.679999999999998,115.39000000000001,151.07999999999998,6.07,44.12,88.52000000000001,29.659999999999997
259,ME,Maine,2015,16.169999999999998,115.94000000000001,152.31,5.91,43.88,88.84,30.619999999999997
260,ME,Maine,2016,16.4125,115.9125,152.9125,5.85,43.8125,89.1875,31.112499999999997
261,ME,Maine,2017,16.650000000000002,118.0,153.75,5.883333333333333,43.6,89.01666666666667,31.416666666666668
262,ME,Maine,2018,16.875,121.025,154.2,5.725,43.4,88.9,31.825
263,ME,Maine,2019,17.1,124.15,155.1,5.6,43.400000000000006,88.85,31.85
264,MI,Michigan,2008,12.5,159.0,133.85,7.1,44.2,75.0,20.15
265,MI,Michigan,2009,12.525,154.125,135.1,7.075,43.675,74.6,20.025
266,MI,Michigan,2010,12.65,149.29999999999998,135.51666666666665,6.966666666666666,43.21666666666667,74.38333333333334,19.983333333333334
267,MI,Michigan,2011,12.7125,144.775,136.1625,6.95,42.8625,74.0875,20.125
268,MI,Michigan,2012,12.77,140.28,136.79000000000002,6.92,42.660000000000004,73.83,20.34
269,MI,Michigan,2013,12.930000000000001,132.75,137.66,6.87,42.19,73.32000000000001,20.69
270,MI,Michigan,2014,13.15,127.58,138.22,6.85,41.87,72.91,21.2
271,MI,Michigan,2015,13.290000000000001,125.22,139.07999999999998,6.890000000000001,41.660000000000004,72.4,21.740000000000002
272,MI,Michigan,2016,13.387500000000001,123.725,139.325,6.8875,41.625,72.2,22.0375
273,MI,Michigan,2017,13.516666666666667,124.2,139.33333333333334,6.916666666666667,41.55,72.0,22.316666666666666
274,MI,Michigan,2018,13.625,125.625,139.9,6.95,41.4,71.775,22.525000000000002
275,MI,Michigan,2019,13.600000000000001,127.85,140.65,6.95,41.25,71.4,22.6
276,MN,Minnesota,2008,12.35,149.2,139.7,6.05,42.599999999999994,58.1,28.200000000000003
277,MN,Minnesota,2009,12.525,143.3,139.875,5.95,42.125,58.475,28.8
278,MN,Minnesota,2010,12.583333333333334,138.04999999999998,140.11666666666667,5.833333333333333,41.800000000000004,58.56666666666666,29.28333333333333
279,MN,Minnesota,2011,12.6625,134.4125,140.775,5.7625,41.55,58.875,29.775
280,MN,Minnesota,2012,12.75,130.94,141.07,5.720000000000001,41.4,59.35,30.3
281,MN,Minnesota,2013,12.98,125.27000000000001,142.15,5.63,41.1,60.120000000000005,31.419999999999998
282,MN,Minnesota,2014,13.180000000000001,122.55,143.73,5.569999999999999,40.93,60.73,32.72
283,MN,Minnesota,2015,13.37,122.3,145.41,5.58,40.739999999999995,61.32000000000001,34.14
284,MN,Minnesota,2016,13.4875,122.0,146.075,5.5874999999999995,40.725,61.7,34.8625
285,MN,Minnesota,2017,13.616666666666667,123.64999999999999,147.35,5.6000000000000005,40.699999999999996,61.85,35.68333333333333
286,MN,Minnesota,2018,13.675,125.05000000000001,148.475,5.6,40.5,61.8,36.625
287,MN,Minnesota,2019,13.65,126.30000000000001,149.0,5.65,40.2,61.7,37.349999999999994
288,MO,Missouri,2008,12.75,126.35000000000001,138.1,8.55,48.25,83.05,19.299999999999997
289,MO,Missouri,2009,12.875,122.65,138.225,8.625,47.65,83.075,19.475
290,MO,Missouri,2010,13.033333333333333,119.31666666666666,138.70000000000002,8.583333333333334,47.23333333333333,82.86666666666666,19.599999999999998
291,MO,Missouri,2011,13.1875,117.0125,139.6875,8.55,46.8875,82.7625,19.875
292,MO,Missouri,2012,13.319999999999999,114.66,140.56,8.540000000000001,46.57,82.53999999999999,20.06
293,MO,Missouri,2013,13.61,110.33,142.12,8.459999999999999,45.88,82.22999999999999,20.419999999999998
294,MO,Missouri,2014,13.89,107.97,143.70999999999998,8.379999999999999,45.4,81.78,20.68
295,MO,Missouri,2015,14.09,107.17,145.38,8.379999999999999,44.93,81.28999999999999,20.82
296,MO,Missouri,2016,14.2,106.4375,146.0625,8.3625,44.7,81.0,20.85
297,MO,Missouri,2017,14.316666666666668,106.83333333333333,146.73333333333332,8.316666666666666,44.5,80.78333333333333,20.866666666666667
298,MO,Missouri,2018,14.375,107.9,147.15,8.4,44.35,80.425,20.75
299,MO,Missouri,2019,14.35,108.65,148.0,8.5,44.05,80.0,20.549999999999997
300,MS,Mississippi,2008,13.8,155.95,125.15,9.850000000000001,52.400000000000006,81.65,17.9
301,MS,Mississippi,2009,13.875,152.875,124.925,9.600000000000001,52.3,81.225,18.0
302,MS,Mississippi,2010,13.9,150.23333333333332,124.86666666666667,9.65,52.18333333333334,81.05,18.05
303,MS,Mississippi,2011,13.85,148.1875,125.1,9.65,52.075,81.025,18.0875
304,MS,Mississippi,2012,13.91,146.3,125.72,9.620000000000001,52.02,81.21000000000001,18.11
305,MS,Mississippi,2013,14.069999999999999,143.39000000000001,126.52000000000001,9.55,51.94,81.31,18.32
306,MS,Mississippi,2014,14.16,142.43,128.07999999999998,9.620000000000001,51.970000000000006,81.55,18.52
307,MS,Mississippi,2015,14.23,143.44,130.28,9.540000000000001,52.1,81.66,18.82
308,MS,Mississippi,2016,14.3625,143.7875,131.4,9.5125,52.1875,81.8375,18.974999999999998
309,MS,Mississippi,2017,14.433333333333332,145.46666666666667,132.46666666666667,9.516666666666667,52.31666666666666,81.8,19.23333333333333
310,MS,Mississippi,2018,14.35,147.5,134.125,9.525,52.474999999999994,81.625,19.375
311,MS,Mississippi,2019,14.3,150.0,135.75,9.350000000000001,52.599999999999994,81.25,19.65
312,MT,Montana,2008,13.3,154.8,141.5,6.95,46.55,65.69999999999999,25.700000000000003
313,MT,Montana,2009,13.25,151.825,140.875,6.775,45.825,65.8,26.425
314,MT,Montana,2010,13.166666666666666,147.28333333333333,140.91666666666666,6.683333333333334,45.35,65.51666666666667,27.150000000000002
315,MT,Montana,2011,13.1125,144.1625,141.2625,6.7125,44.9125,65.33749999999999,27.575
316,MT,Montana,2012,13.11,142.35,141.45999999999998,6.81,44.6,65.05999999999999,28.0
317,MT,Montana,2013,13.16,140.05,142.73,6.83,44.04,64.55,29.0
318,MT,Montana,2014,13.319999999999999,140.44,145.74,6.959999999999999,43.58,63.529999999999994,29.869999999999997
319,MT,Montana,2015,13.51,144.6,148.85,7.090000000000001,43.13,62.46,30.6
320,MT,Montana,2016,13.65,147.05,150.4875,7.1625,43.0125,61.875,31.0375
321,MT,Montana,2017,13.833333333333334,151.03333333333333,153.23333333333332,7.1499999999999995,42.9,61.18333333333333,31.483333333333334
322,MT,Montana,2018,13.975,154.9,155.925,7.2,42.475,60.199999999999996,31.875
323,MT,Montana,2019,13.95,159.0,156.55,7.15,42.15,59.599999999999994,32.25
324,NC,North Carolina,2008,13.15,150.95,139.45,7.300000000000001,41.849999999999994,75.6,24.3
325,NC,North Carolina,2009,13.225,147.25,140.5,7.275,41.425,75.575,24.575
326,NC,North Carolina,2010,13.266666666666666,143.93333333333334,141.53333333333333,7.333333333333333,41.083333333333336,75.5,24.8
327,NC,North Carolina,2011,13.3875,141.2375,142.6375,7.3625,40.925,75.4875,25.2125
328,NC,North Carolina,2012,13.49,138.56,143.63,7.38,40.81,75.5,25.660000000000004
329,NC,North Carolina,2013,13.65,134.48,145.72,7.38,40.5,75.4,26.4
330,NC,North Carolina,2014,13.780000000000001,132.41,147.94,7.4,40.33,75.13,27.05
331,NC,North Carolina,2015,13.940000000000001,132.38,150.03,7.35,40.17,74.67999999999999,27.72
332,NC,North Carolina,2016,13.987499999999999,132.1875,151.05,7.325,40.1,74.4875,28.0375
333,NC,North Carolina,2017,14.016666666666666,133.63333333333333,152.20000000000002,7.283333333333334,40.016666666666666,74.13333333333334,28.233333333333334
334,NC,North Carolina,2018,14.05,135.175,153.35,7.275,39.875,73.65,28.35
335,NC,North Carolina,2019,14.149999999999999,137.15,154.05,7.2,39.6,73.1,28.6
336,ND,North Dakota,2008,12.3,153.3,133.0,6.5,52.55,61.3,22.8
337,ND,North Dakota,2009,12.4,146.45,133.75,5.9,51.875,61.75,23.375
338,ND,North Dakota,2010,12.5,141.56666666666666,132.56666666666666,5.583333333333333,51.36666666666667,62.300000000000004,23.483333333333334
339,ND,North Dakota,2011,12.525,138.6375,132.575,5.4,50.825,62.4375,23.6875
340,ND,North Dakota,2012,12.7,135.68,133.2,5.37,50.21,62.279999999999994,23.78
341,ND,North Dakota,2013,12.98,129.31,134.02,5.17,48.9,62.410000000000004,24.15
342,ND,North Dakota,2014,13.14,126.89000000000001,134.9,5.29,47.42,62.48,24.259999999999998
343,ND,North Dakota,2015,13.209999999999999,126.80999999999999,137.68,5.470000000000001,45.88,62.06,24.419999999999998
344,ND,North Dakota,2016,13.3625,126.05,138.95,5.625,45.05,61.8625,24.45
345,ND,North Dakota,2017,13.35,126.78333333333335,140.03333333333333,5.75,44.15,61.93333333333334,24.55
346,ND,North Dakota,2018,13.175,129.45,141.5,5.875,43.225,61.925000000000004,24.5
347,ND,North Dakota,2019,13.05,131.39999999999998,144.1,5.85,42.650000000000006,61.3,24.5
348,NE,Nebraska,2008,12.100000000000001,136.45,132.35000000000002,6.85,49.650000000000006,63.05,19.299999999999997
349,NE,Nebraska,2009,12.075000000000001,133.175,131.65,6.975,48.5,63.224999999999994,19.875
350,NE,Nebraska,2010,12.133333333333333,131.0,131.83333333333334,7.05,47.86666666666667,63.349999999999994,20.416666666666668
351,NE,Nebraska,2011,12.2,128.7875,132.5125,7.1625,47.3875,63.324999999999996,21.0875
352,NE,Nebraska,2012,12.27,127.19000000000001,133.19,7.17,47.14,63.25,21.89
353,NE,Nebraska,2013,12.540000000000001,125.15,134.35,7.35,46.37,63.07000000000001,23.54
354,NE,Nebraska,2014,12.89,125.91,136.45999999999998,7.45,46.12,62.61,25.29
355,NE,Nebraska,2015,13.2,128.51,138.55,7.5200000000000005,45.81,61.95,27.089999999999996
356,NE,Nebraska,2016,13.4,130.1,139.55,7.525,45.775,61.625,28.0875
357,NE,Nebraska,2017,13.683333333333332,133.20000000000002,140.76666666666668,7.633333333333333,45.65,61.18333333333334,29.083333333333332
358,NE,Nebraska,2018,13.8,136.675,142.075,7.575,45.575,60.7,29.85
359,NE,Nebraska,2019,13.8,139.65,142.64999999999998,7.550000000000001,45.05,60.300000000000004,30.5
360,NH,New Hampshire,2008,12.8,157.75,151.2,5.35,43.4,75.0,29.1
361,NH,New Hampshire,2009,13.0,155.125,153.375,5.125,42.8,75.075,29.225
362,NH,New Hampshire,2010,13.166666666666666,151.51666666666668,155.29999999999998,5.016666666666667,42.53333333333333,74.96666666666667,29.983333333333334
363,NH,New Hampshire,2011,13.2875,147.5875,157.6,5.0,42.5625,74.85,30.625
364,NH,New Hampshire,2012,13.39,143.79000000000002,159.41,4.99,42.510000000000005,74.72999999999999,31.29
365,NH,New Hampshire,2013,13.63,138.45999999999998,162.74,4.93,42.160000000000004,74.69,32.760000000000005
366,NH,New Hampshire,2014,13.84,134.54000000000002,164.95999999999998,5.01,41.989999999999995,74.47,34.25
367,NH,New Hampshire,2015,14.0,133.47,166.38,5.16,41.87,74.42,35.29
368,NH,New Hampshire,2016,14.0875,132.88750000000002,166.85,5.2125,41.675,74.4,35.975
369,NH,New Hampshire,2017,14.183333333333332,134.31666666666666,166.91666666666666,5.3,41.46666666666667,74.45,36.65
370,NH,New Hampshire,2018,14.275,135.925,166.45,5.425,41.375,74.275,36.75
371,NH,New Hampshire,2019,14.3,138.95,166.25,5.55,41.400000000000006,74.5,36.7
372,NJ,New Jersey,2008,11.05,163.1,143.5,8.35,47.6,64.30000000000001,22.5
373,NJ,New Jersey,2009,11.175,159.2,144.225,8.274999999999999,47.05,63.825,22.6
374,NJ,New Jersey,2010,11.233333333333334,154.81666666666666,144.79999999999998,8.166666666666666,46.666666666666664,63.43333333333334,22.71666666666667
375,NJ,New Jersey,2011,11.3375,151.525,145.575,8.125,46.3625,63.2375,22.85
376,NJ,New Jersey,2012,11.440000000000001,148.63,146.44,8.09,46.11,63.02,22.93
377,NJ,New Jersey,2013,11.690000000000001,143.73,148.14000000000001,8.03,45.519999999999996,62.46,23.15
378,NJ,New Jersey,2014,11.93,140.94,149.67000000000002,8.01,45.0,61.989999999999995,23.259999999999998
379,NJ,New Jersey,2015,12.2,140.9,151.34,8.0,44.53,61.48,23.28
380,NJ,New Jersey,2016,12.3375,140.7125,152.2,8.0,44.300000000000004,61.1875,23.2875
381,NJ,New Jersey,2017,12.5,141.93333333333334,152.96666666666667,8.016666666666667,44.03333333333333,60.866666666666674,23.3
382,NJ,New Jersey,2018,12.6,143.6,153.45,8.0,43.725,60.550000000000004,23.15
383,NJ,New Jersey,2019,12.7,145.85,154.3,7.9,43.55,60.1,23.05
384,NM,New Mexico,2008,10.35,116.45,120.9,7.4,37.75,45.25,18.4
385,NM,New Mexico,2009,10.275,112.1,121.9,7.300000000000001,37.35,44.975,17.7
386,NM,New Mexico,2010,10.25,107.73333333333333,122.18333333333334,7.3500000000000005,37.03333333333333,44.71666666666667,17.3
387,NM,New Mexico,2011,10.2,103.4875,122.6625,7.3875,36.8125,44.6,16.9625
388,NM,New Mexico,2012,10.129999999999999,100.49,122.9,7.49,36.68,44.489999999999995,16.85
389,NM,New Mexico,2013,10.0,95.35,123.50999999999999,7.609999999999999,36.410000000000004,44.11,16.580000000000002
390,NM,New Mexico,2014,9.95,91.83,123.6,7.81,36.35,43.64,16.7
391,NM,New Mexico,2015,9.879999999999999,90.2,124.28,7.94,36.3,42.97,17.05
392,NM,New Mexico,2016,9.8375,90.0625,124.32499999999999,8.05,36.3375,42.65,17.325
393,NM,New Mexico,2017,9.833333333333334,90.58333333333333,124.48333333333333,8.1,36.4,42.18333333333334,17.633333333333333
394,NM,New Mexico,2018,9.9,90.5,124.75,8.15,36.4,41.6,17.925
395,NM,New Mexico,2019,9.850000000000001,90.85,126.14999999999999,8.1,36.150000000000006,40.85,18.25
396,NV,Nevada,2008,10.9,130.6,120.1,7.65,42.5,64.35,15.05
397,NV,Nevada,2009,10.95,126.55,120.475,7.7,42.15,63.85,15.125
398,NV,Nevada,2010,11.0,121.23333333333333,120.43333333333334,7.766666666666667,41.766666666666666,63.26666666666667,15.183333333333332
399,NV,Nevada,2011,11.0875,116.4125,120.55,7.85,41.3,62.55,15.0875
400,NV,Nevada,2012,11.129999999999999,112.14000000000001,120.88999999999999,8.04,40.9,61.85,15.3
401,NV,Nevada,2013,11.309999999999999,105.14000000000001,121.80999999999999,8.35,40.11,60.489999999999995,15.919999999999998
402,NV,Nevada,2014,11.5,99.65,122.71,8.65,39.38,59.02,16.64
403,NV,Nevada,2015,11.68,96.85,124.07000000000001,8.98,38.730000000000004,57.629999999999995,17.490000000000002
404,NV,Nevada,2016,11.7625,95.575,124.8625,9.2,38.4375,56.9375,18.1625
405,NV,Nevada,2017,11.916666666666666,95.75,125.73333333333333,9.333333333333334,38.15,56.23333333333333,18.833333333333332
406,NV,Nevada,2018,11.975,95.825,126.25,9.4,37.95,55.575,19.175
407,NV,Nevada,2019,12.0,96.6,127.15,9.55,37.75,55.15,19.55
408,NY,New York,2008,11.25,160.35000000000002,139.8,8.3,45.8,66.9,18.6
409,NY,New York,2009,11.3,156.8,140.275,8.275,45.175,66.6,18.85
410,NY,New York,2010,11.383333333333333,153.1,140.75,8.216666666666667,44.699999999999996,66.21666666666667,19.0
411,NY,New York,2011,11.475,150.125,141.6625,8.175,44.2625,66.0125,19.1625
412,NY,New York,2012,11.59,147.34,142.3,8.16,43.92,65.81,19.259999999999998
413,NY,New York,2013,11.809999999999999,142.74,143.81,8.14,43.260000000000005,65.47,19.52
414,NY,New York,2014,12.05,140.1,145.44,8.1,42.760000000000005,65.22999999999999,19.66
415,NY,New York,2015,12.3,140.07,147.35999999999999,8.08,42.36,65.16999999999999,19.79
416,NY,New York,2016,12.4375,139.7875,148.1,8.0875,42.2125,65.1125,19.825
417,NY,New York,2017,12.566666666666668,140.98333333333332,149.18333333333334,8.083333333333334,42.1,65.14999999999999,19.883333333333333
418,NY,New York,2018,12.675,142.8,150.1,8.025,41.9,65.125,19.875
419,NY,New York,2019,12.8,145.55,151.3,8.0,41.75,65.15,19.950000000000003
420,OH,Ohio,2008,11.95,139.7,135.9,7.85,47.349999999999994,79.05,21.15
421,OH,Ohio,2009,12.075,136.225,136.65,7.8,46.75,78.775,21.15
422,OH,Ohio,2010,12.266666666666666,132.66666666666666,137.33333333333334,7.75,46.35,78.46666666666667,21.383333333333336
423,OH,Ohio,2011,12.475,129.88750000000002,138.4625,7.775,46.275,78.35,21.85
424,OH,Ohio,2012,12.64,127.22999999999999,139.49,7.779999999999999,46.21,78.21000000000001,22.43
425,OH,Ohio,2013,12.98,123.1,141.45999999999998,7.82,45.96,77.89,23.39
426,OH,Ohio,2014,13.319999999999999,121.22,143.41,7.87,45.97,77.69,24.59
427,OH,Ohio,2015,13.63,121.87,145.32999999999998,7.94,45.94,77.5,25.839999999999996
428,OH,Ohio,2016,13.7625,121.94999999999999,146.2,7.9625,45.9125,77.375,26.4875
429,OH,Ohio,2017,13.916666666666666,123.73333333333333,147.06666666666666,8.016666666666667,45.9,77.28333333333333,27.066666666666666
430,OH,Ohio,2018,14.05,126.075,147.725,8.0,45.8,77.2,27.625
431,OH,Ohio,2019,14.2,128.8,148.3,8.0,45.4,76.9,28.1
432,OK,Oklahoma,2008,13.95,134.75,128.35,9.45,46.1,77.95,17.15
433,OK,Oklahoma,2009,13.975,130.9,127.675,9.45,45.95,77.075,17.425
434,OK,Oklahoma,2010,14.0,126.01666666666667,127.61666666666667,9.35,45.51666666666667,76.78333333333335,17.916666666666668
435,OK,Oklahoma,2011,13.975,121.8,127.92500000000001,9.2375,45.3375,76.7,18.5625
436,OK,Oklahoma,2012,13.969999999999999,118.03,128.62,9.190000000000001,45.28,76.37,19.3
437,OK,Oklahoma,2013,13.930000000000001,111.63,129.72,9.120000000000001,45.010000000000005,75.57000000000001,20.52
438,OK,Oklahoma,2014,13.86,107.17999999999999,131.49,9.11,44.72,75.03999999999999,21.669999999999998
439,OK,Oklahoma,2015,13.88,105.74000000000001,133.17000000000002,9.2,44.63,74.33,22.5
440,OK,Oklahoma,2016,13.875,104.8875,134.25,9.275,44.5875,73.8,23.0
441,OK,Oklahoma,2017,13.85,105.53333333333335,135.20000000000002,9.366666666666667,44.43333333333334,73.38333333333334,23.25
442,OK,Oklahoma,2018,13.9,106.92500000000001,135.875,9.5,44.275,73.1,23.25
443,OK,Oklahoma,2019,14.15,109.05000000000001,135.9,9.6,44.2,72.65,23.049999999999997
444,OR,Oregon,2008,12.149999999999999,134.3,142.65,6.95,41.5,66.35,28.75
445,OR,Oregon,2009,12.45,128.875,143.275,6.85,41.05,65.95,28.875
446,OR,Oregon,2010,12.633333333333333,124.73333333333333,143.21666666666667,6.816666666666666,40.61666666666667,65.5,29.333333333333332
447,OR,Oregon,2011,12.9,121.65,143.6,6.875,40.325,65.2625,29.6875
448,OR,Oregon,2012,13.11,118.67999999999999,143.71,6.92,40.05,64.87,29.85
449,OR,Oregon,2013,13.5,113.67,143.95,6.970000000000001,39.54,64.11,30.18
450,OR,Oregon,2014,13.74,111.0,144.34,7.040000000000001,39.06,63.18000000000001,30.21
451,OR,Oregon,2015,13.959999999999999,110.1,145.42000000000002,7.07,38.61,62.1,29.830000000000002
452,OR,Oregon,2016,14.025,109.525,145.5875,7.075,38.4,61.4875,29.6
453,OR,Oregon,2017,14.049999999999999,110.43333333333334,146.06666666666666,7.066666666666666,38.21666666666667,60.88333333333333,29.3
454,OR,Oregon,2018,14.025,111.025,147.175,7.0,37.85,60.05,28.75
455,OR,Oregon,2019,14.100000000000001,111.95,148.5,6.9,37.5,59.199999999999996,28.35
456,PA,Pennsylvania,2008,12.8,150.7,145.95,8.05,51.349999999999994,76.0,22.5
457,PA,Pennsylvania,2009,12.95,146.625,146.6,8.0,50.775,75.725,23.275
458,PA,Pennsylvania,2010,13.1,142.28333333333333,147.18333333333334,7.883333333333333,50.15,75.41666666666667,23.983333333333334
459,PA,Pennsylvania,2011,13.2,138.65,147.9,7.85,49.75,75.225,24.6375
460,PA,Pennsylvania,2012,13.3,135.29000000000002,148.62,7.81,49.38,75.06,25.14
461,PA,Pennsylvania,2013,13.52,129.56,149.92000000000002,7.7299999999999995,48.57,74.77000000000001,26.1
462,PA,Pennsylvania,2014,13.74,125.71,150.98,7.65,47.79,74.51,26.630000000000003
463,PA,Pennsylvania,2015,13.940000000000001,124.71000000000001,151.81,7.640000000000001,47.18,74.24,26.639999999999997
464,PA,Pennsylvania,2016,14.05,123.95,152.25,7.6125,46.8375,74.1375,26.65
465,PA,Pennsylvania,2017,14.166666666666666,124.65000000000002,152.5,7.6000000000000005,46.48333333333333,74.05,26.483333333333334
466,PA,Pennsylvania,2018,14.3,125.95,152.525,7.575,46.075,73.8,26.075
467,PA,Pennsylvania,2019,14.399999999999999,128.6,152.5,7.6,45.85,73.45,25.45
468,RI,Rhode Island,2008,12.3,148.95,146.35,6.550000000000001,45.55,79.0,23.25
469,RI,Rhode Island,2009,12.425,142.1,146.7,6.575,44.7,78.875,23.65
470,RI,Rhode Island,2010,12.5,136.83333333333334,146.88333333333333,6.716666666666666,44.11666666666667,78.8,24.366666666666664
471,RI,Rhode Island,2011,12.5,133.025,148.4875,6.825,43.325,79.125,24.8125
472,RI,Rhode Island,2012,12.55,129.53,149.92000000000002,7.0,42.53,79.72999999999999,25.21
473,RI,Rhode Island,2013,12.76,123.25,151.97,7.159999999999999,41.11,80.27000000000001,25.97
474,RI,Rhode Island,2014,12.919999999999998,120.94000000000001,154.45,7.359999999999999,40.019999999999996,80.57000000000001,26.54
475,RI,Rhode Island,2015,13.12,122.1,157.37,7.37,38.93,80.6,26.52
476,RI,Rhode Island,2016,13.275,122.225,158.3875,7.425,38.425,80.725,26.6125
477,RI,Rhode Island,2017,13.450000000000001,124.45,159.29999999999998,7.333333333333333,38.11666666666667,80.25,26.55
478,RI,Rhode Island,2018,13.5,127.9,160.64999999999998,7.325,37.95,79.525,26.3
479,RI,Rhode Island,2019,13.65,132.10000000000002,161.85,7.050000000000001,37.5,78.8,25.7
480,SC,South Carolina,2008,13.3,151.3,138.9,8.2,44.1,75.75,24.0
481,SC,South Carolina,2009,13.575,147.325,139.675,8.25,43.55,75.6,24.1
482,SC,South Carolina,2010,13.700000000000001,144.13333333333333,140.43333333333334,8.1,43.18333333333334,75.38333333333334,24.083333333333332
483,SC,South Carolina,2011,13.775,142.1125,141.275,8.0375,43.0125,75.275,24.1625
484,SC,South Carolina,2012,13.86,140.13,142.12,8.010000000000002,42.93,75.05,24.41
485,SC,South Carolina,2013,14.069999999999999,136.31,143.7,7.9799999999999995,42.510000000000005,74.61,24.79
486,SC,South Carolina,2014,14.13,133.82999999999998,145.07,7.93,42.28,74.08,25.15
487,SC,South Carolina,2015,14.190000000000001,132.62,146.45999999999998,7.99,42.14,73.38,25.45
488,SC,South Carolina,2016,14.2375,131.7625,147.125,8.025,42.05,72.9875,25.7125
489,SC,South Carolina,2017,14.25,131.61666666666667,147.66666666666666,8.066666666666666,41.86666666666667,72.60000000000001,25.816666666666666
490,SC,South Carolina,2018,14.2,131.325,148.10000000000002,8.075,41.8,72.125,25.775
491,SC,South Carolina,2019,14.25,131.7,148.9,8.100000000000001,41.75,71.45,25.55
492,SD,South Dakota,2008,12.75,145.0,138.0,6.6,51.6,64.35,20.85
493,SD,South Dakota,2009,12.875,139.95,140.65,6.7,51.05,64.625,21.575
494,SD,South Dakota,2010,13.200000000000001,136.21666666666667,141.73333333333332,6.816666666666666,50.56666666666666,64.83333333333333,22.433333333333334
495,SD,South Dakota,2011,13.275,134.0375,143.2875,6.8875,49.75,64.8375,23.1
496,SD,South Dakota,2012,13.34,132.28,143.52,6.88,49.03,65.02000000000001,23.66
497,SD,South Dakota,2013,13.55,128.99,144.2,7.01,47.89,65.32000000000001,24.89
498,SD,South Dakota,2014,13.719999999999999,128.57999999999998,142.92000000000002,7.029999999999999,46.85,65.22999999999999,26.21
499,SD,South Dakota,2015,13.530000000000001,129.97,141.67000000000002,6.87,45.730000000000004,64.85,27.060000000000002
500,SD,South Dakota,2016,13.5375,130.5875,140.1,6.8125,45.3375,64.85,27.55
501,SD,South Dakota,2017,13.516666666666666,132.36666666666665,138.65,6.8,45.06666666666666,64.55,28.099999999999998
502,SD,South Dakota,2018,13.375,134.27499999999998,137.275,6.575,44.65,63.9,28.65
503,SD,South Dakota,2019,12.899999999999999,135.7,137.65,6.25,44.0,63.35,28.4
504,TN,Tennessee,2008,13.2,144.0,133.05,8.95,45.85,83.4,21.9
505,TN,Tennessee,2009,13.325,140.175,133.975,8.95,45.05,83.325,22.125
506,TN,Tennessee,2010,13.416666666666666,136.81666666666666,134.23333333333332,8.883333333333333,44.73333333333333,83.13333333333334,21.96666666666667
507,TN,Tennessee,2011,13.5375,134.25,134.8375,8.85,44.4875,83.2125,21.95
508,TN,Tennessee,2012,13.690000000000001,131.98,135.32999999999998,8.84,44.4,83.27000000000001,21.93
509,TN,Tennessee,2013,13.95,128.20999999999998,136.29,8.790000000000001,44.03,83.35,21.96
510,TN,Tennessee,2014,14.209999999999999,126.62,136.9,8.74,44.07,83.42,21.89
511,TN,Tennessee,2015,14.430000000000001,126.97999999999999,137.70999999999998,8.65,44.05,83.42999999999999,22.11
512,TN,Tennessee,2016,14.5625,127.0875,137.975,8.625,44.125,83.425,22.1625
513,TN,Tennessee,2017,14.65,128.48333333333332,138.20000000000002,8.566666666666666,44.15,83.39999999999999,22.266666666666666
514,TN,Tennessee,2018,14.725,130.15,138.375,8.5,44.225,83.2,22.375
515,TN,Tennessee,2019,14.7,131.9,138.8,8.3,44.0,82.80000000000001,22.75
516,TX,Texas,2008,10.600000000000001,111.7,115.0,9.25,38.85,55.25,13.2
517,TX,Texas,2009,10.625,107.975,115.0,9.225,38.55,54.5,13.075
518,TX,Texas,2010,10.683333333333332,104.61666666666667,114.75,9.216666666666667,38.28333333333333,53.93333333333334,13.016666666666666
519,TX,Texas,2011,10.775,102.25,114.85,9.2125,38.125,53.375,13.025
520,TX,Texas,2012,10.86,100.4,115.09,9.22,38.0,52.89,12.969999999999999
521,TX,Texas,2013,11.0,97.05,115.44000000000001,9.22,37.75,51.85,12.95
522,TX,Texas,2014,11.16,95.9,116.07000000000001,9.24,37.69,50.96,13.05
523,TX,Texas,2015,11.3,96.69,117.29,9.27,37.760000000000005,50.03,13.280000000000001
524,TX,Texas,2016,11.3625,97.075,117.825,9.2875,37.7875,49.6125,13.3375
525,TX,Texas,2017,11.416666666666666,98.43333333333334,118.41666666666667,9.299999999999999,37.88333333333333,49.166666666666664,13.533333333333333
526,TX,Texas,2018,11.475,100.175,119.25,9.325,38.025,48.725,13.75
527,TX,Texas,2019,11.5,101.85,120.35,9.350000000000001,38.1,48.15,14.05
528,US,United States,2008,12.1,139.45,133.3,7.9,44.2,67.25,21.1
529,US,United States,2009,12.175,135.575,133.775,7.85,43.675,66.825,21.3
530,US,United States,2010,12.266666666666666,131.75,134.18333333333334,7.816666666666666,43.28333333333333,66.43333333333334,21.55
531,US,United States,2011,12.3875,128.625,134.85,7.8,43.0,66.125,21.85
532,US,United States,2012,12.49,125.87,135.47,7.8,42.78,65.86,22.16
533,US,United States,2013,12.690000000000001,121.2,136.65,7.790000000000001,42.28,65.27000000000001,22.759999999999998
534,US,United States,2014,12.88,118.5,137.87,7.8,41.940000000000005,64.72,23.35
535,US,United States,2015,13.05,117.97999999999999,139.2,7.82,41.65,64.15,23.89
536,US,United States,2016,13.125,117.6625,139.7875,7.8375,41.525000000000006,63.8875,24.175
537,US,United States,2017,13.200000000000001,118.60000000000001,140.4,7.8500000000000005,41.4,63.583333333333336,24.433333333333334
538,US,United States,2018,13.25,119.85,141.0,7.85,41.25,63.224999999999994,24.6
539,US,United States,2019,13.3,121.5,141.65,7.85,41.05,62.8,24.75
540,UT,Utah,2008,7.550000000000001,138.9,105.15,4.949999999999999,29.45,25.5,30.1
541,UT,Utah,2009,7.575,134.0,104.9,4.9,29.125,25.65,30.85
542,UT,Utah,2010,7.683333333333334,128.66666666666666,105.61666666666667,4.883333333333334,28.916666666666668,25.5,31.900000000000002
543,UT,Utah,2011,7.925000000000001,124.1,106.25,4.8,28.6875,25.425,32.8125
544,UT,Utah,2012,8.18,120.04,106.66,4.779999999999999,28.43,25.27,33.65
545,UT,Utah,2013,8.48,113.05,107.25999999999999,4.79,28.04,24.96,35.14
546,UT,Utah,2014,8.83,108.39000000000001,108.28,4.84,27.72,24.630000000000003,36.44
547,UT,Utah,2015,9.110000000000001,106.14000000000001,108.92999999999999,4.91,27.4,24.46,37.21
548,UT,Utah,2016,9.225,105.075,109.125,5.0,27.25,24.275000000000002,37.625
549,UT,Utah,2017,9.233333333333334,105.5,109.39999999999999,5.1000000000000005,27.2,24.150000000000002,37.833333333333336
550,UT,Utah,2018,9.325000000000001,106.275,110.025,5.15,27.05,24.25,37.975
551,UT,Utah,2019,9.3,106.75,110.3,5.2,26.9,24.35,37.85
552,VA,Virginia,2008,11.0,132.35,134.45,6.5,39.6,65.55,19.200000000000003
553,VA,Virginia,2009,11.15,127.675,134.975,6.425,39.225,64.9,19.3
554,VA,Virginia,2010,11.316666666666668,123.36666666666667,135.78333333333333,6.433333333333334,38.93333333333333,64.26666666666667,19.46666666666667
555,VA,Virginia,2011,11.45,120.13749999999999,136.625,6.4375,38.7,63.8,19.6
556,VA,Virginia,2012,11.61,117.42999999999999,137.29000000000002,6.44,38.55,63.510000000000005,19.759999999999998
557,VA,Virginia,2013,11.9,112.83,138.35999999999999,6.39,38.160000000000004,62.589999999999996,20.22
558,VA,Virginia,2014,12.129999999999999,109.97999999999999,139.15,6.369999999999999,37.910000000000004,61.75,20.68
559,VA,Virginia,2015,12.290000000000001,109.09,139.53,6.3100000000000005,37.68,60.970000000000006,21.169999999999998
560,VA,Virginia,2016,12.4,108.75,139.625,6.275,37.6,60.612500000000004,21.4625
561,VA,Virginia,2017,12.450000000000001,109.46666666666665,139.51666666666668,6.216666666666666,37.483333333333334,60.03333333333333,21.816666666666666
562,VA,Virginia,2018,12.45,109.525,139.375,6.2,37.4,59.575,21.975
563,VA,Virginia,2019,12.45,110.3,139.3,6.15,37.2,59.099999999999994,22.25
564,VT,Vermont,2008,12.850000000000001,137.9,146.0,4.9,44.25,76.69999999999999,32.400000000000006
565,VT,Vermont,2009,12.975000000000001,132.15,146.625,5.025,43.575,76.375,33.35
566,VT,Vermont,2010,13.133333333333333,126.73333333333333,147.70000000000002,4.95,42.96666666666667,76.0,34.083333333333336
567,VT,Vermont,2011,13.2625,122.4,148.575,4.8625,42.5875,75.5125,35.0
568,VT,Vermont,2012,13.39,118.35999999999999,149.53,4.75,42.21,75.2,36.14
569,VT,Vermont,2013,13.65,112.16,151.06,4.65,41.4,74.45,38.25
570,VT,Vermont,2014,13.959999999999999,109.64000000000001,152.6,4.43,40.96,73.85,40.17
571,VT,Vermont,2015,14.24,110.92999999999999,153.84,4.470000000000001,40.65,73.07000000000001,41.660000000000004
572,VT,Vermont,2016,14.387500000000001,111.3125,154.5,4.4375,40.45,72.825,42.6375
573,VT,Vermont,2017,14.549999999999999,114.35000000000001,154.88333333333333,4.483333333333333,40.36666666666667,72.45,43.28333333333333
574,VT,Vermont,2018,14.75,118.07499999999999,155.5,4.525,40.45,72.2,43.45
575,VT,Vermont,2019,14.85,122.35,156.05,5.0,40.2,71.35,43.0
576,WA,Washington,2008,12.2,139.15,144.2,7.0,40.1,63.5,26.85
577,WA,Washington,2009,12.4,135.325,144.825,7.0,39.65,62.95,26.95
578,WA,Washington,2010,12.566666666666668,131.33333333333334,145.08333333333334,7.0,39.266666666666666,62.53333333333333,27.099999999999998
579,WA,Washington,2011,12.675,127.225,145.575,6.975,38.925,62.0,27.2
580,WA,Washington,2012,12.790000000000001,123.5,145.92000000000002,6.94,38.72,61.55,27.25
581,WA,Washington,2013,13.059999999999999,117.2,146.5,6.92,38.269999999999996,60.54,27.439999999999998
582,WA,Washington,2014,13.280000000000001,112.44000000000001,146.75,6.9,37.95,59.57000000000001,27.57
583,WA,Washington,2015,13.430000000000001,109.65,146.88,6.85,37.65,58.45,27.71
584,WA,Washington,2016,13.5375,108.3375,146.8375,6.8375,37.5875,57.9625,27.7625
585,WA,Washington,2017,13.633333333333333,108.25,146.6833333333333,6.8500000000000005,37.483333333333334,57.36666666666667,27.866666666666664
586,WA,Washington,2018,13.675,108.55,146.475,6.825,37.3,56.825,27.9
587,WA,Washington,2019,13.65,109.4,146.25,6.75,37.0,56.1,28.1
588,WI,Wisconsin,2008,12.6,140.8,138.5,6.199999999999999,44.0,66.55,22.55
589,WI,Wisconsin,2009,12.8,137.4,139.55,6.199999999999999,43.35,66.575,22.975
590,WI,Wisconsin,2010,12.983333333333334,134.28333333333333,140.26666666666668,6.25,42.9,66.7,23.483333333333334
591,WI,Wisconsin,2011,13.175,132.0,141.275,6.3125,42.575,66.7375,23.9
592,WI,Wisconsin,2012,13.280000000000001,130.13,142.15,6.39,42.33,66.78999999999999,24.35
593,WI,Wisconsin,2013,13.530000000000001,127.19000000000001,143.95999999999998,6.470000000000001,41.730000000000004,66.91,25.14
594,WI,Wisconsin,2014,13.75,126.39000000000001,145.7,6.57,41.32,67.03999999999999,25.79
595,WI,Wisconsin,2015,13.940000000000001,128.15,147.75,6.609999999999999,41.0,67.13,26.189999999999998
596,WI,Wisconsin,2016,13.9875,128.9,148.6125,6.6375,40.85,67.2,26.45
597,WI,Wisconsin,2017,14.083333333333334,130.98333333333335,149.6,6.616666666666667,40.68333333333333,67.26666666666667,26.55
598,WI,Wisconsin,2018,14.200000000000001,133.425,150.625,6.625,40.525,67.325,26.575
599,WI,Wisconsin,2019,14.3,136.85,151.95,6.55,40.4,67.4,26.5
600,WV,West Virginia,2008,13.85,132.14999999999998,131.1,10.899999999999999,55.0,97.1,23.55
601,WV,West Virginia,2009,13.85,128.75,132.89999999999998,10.674999999999999,54.675,96.525,23.6
602,WV,West Virginia,2010,14.200000000000001,125.26666666666665,133.70000000000002,10.5,54.46666666666667,96.18333333333334,23.483333333333334
603,WV,West Virginia,2011,14.4125,122.4375,134.67499999999998,10.2125,54.55,96.25,23.45
604,WV,West Virginia,2012,14.62,120.05999999999999,135.59,10.0,54.489999999999995,96.16,23.46
605,WV,West Virginia,2013,15.069999999999999,116.09,137.34,9.690000000000001,54.42999999999999,96.26,23.6
606,WV,West Virginia,2014,15.65,114.22,138.64000000000001,9.57,54.42,96.5,23.91
607,WV,West Virginia,2015,15.99,114.75,140.47,9.459999999999999,54.370000000000005,96.67,24.4
608,WV,West Virginia,2016,16.225,114.95,141.1875,9.4875,54.2625,96.725,24.6625
609,WV,West Virginia,2017,16.483333333333334,116.41666666666667,141.83333333333334,9.6,54.26666666666667,97.03333333333335,25.05
610,WV,West Virginia,2018,16.675,118.475,142.825,9.725,54.05,96.75,25.45
611,WV,West Virginia,2019,16.6,120.94999999999999,144.45,9.600000000000001,53.8,96.35,25.7
612,WY,Wyoming,2008,11.7,133.4,119.6,8.7,40.15,51.95,23.85
613,WY,Wyoming,2009,11.25,128.65,119.125,8.399999999999999,39.675,50.725,23.7
614,WY,Wyoming,2010,11.200000000000001,124.73333333333333,120.26666666666667,8.1,38.949999999999996,50.0,24.05
615,WY,Wyoming,2011,11.0375,121.6125,120.6125,7.824999999999999,37.9625,49.2875,23.95
616,WY,Wyoming,2012,10.95,119.39000000000001,120.96,7.45,37.35,48.9,23.9
617,WY,Wyoming,2013,10.870000000000001,116.71,121.58,7.0200000000000005,36.24,47.72,24.02
618,WY,Wyoming,2014,10.98,117.16,122.94000000000001,6.909999999999999,35.45,47.07,24.55
619,WY,Wyoming,2015,11.08,119.84,123.4,7.06,35.36,46.7,24.89
620,WY,Wyoming,2016,11.2125,121.7375,123.8375,7.075,35.45,46.5875,25.2
621,WY,Wyoming,2017,11.416666666666666,125.48333333333333,124.33333333333333,7.45,35.63333333333333,46.333333333333336,25.7
622,WY,Wyoming,2018,11.475,128.225,125.15,7.9,36.15,46.475,26.325
623,WY,Wyoming,2019,11.6,130.3,124.85,8.25,37.05,46.7,26.45
